ts,provider,player,position,team,stat,line,over_mult
2026-10-01T14:54:19.126Z,sleeper,Blake Whiteheart,TE,CLE,receptions,0.5,1.71
2026-10-01T14:54:19.126Z,sleeper,Roman Wilson,WR,PIT,longest_reception,11.5,1.74
2026-10-01T14:54:19.126Z,sleeper,Roman Wilson,WR,PIT,rec_yds,20.5,1.8
2026-10-01T14:54:19.126Z,sleeper,Roman Wilson,WR,PIT,receptions,2.5,2.16
2026-10-01T14:54:19.126Z,sleeper,Raheim Sanders,RB,CLE,longest_reception,8.5,1.83
2026-10-01T14:54:19.126Z,sleeper,Raheim Sanders,RB,CLE,rec_yds,11.5,1.74
2026-10-01T14:54:19.126Z,sleeper,Raheim Sanders,RB,CLE,receptions,1.5,1.52
2026-10-01T14:54:19.126Z,sleeper,Raheim Sanders,RB,CLE,rush_rec_yds,20.5,1.76
2026-10-01T14:54:19.126Z,sleeper,Harold Fannin,TE,CLE,anytime_touchdowns,0.5,3.12
2026-10-01T14:54:19.126Z,sleeper,Harold Fannin,TE,CLE,longest_reception,16.5,1.83
2026-10-01T14:54:19.126Z,sleeper,Harold Fannin,TE,CLE,rec_yds,40.5,1.78
2026-10-01T14:54:19.126Z,sleeper,Harold Fannin,TE,CLE,receptions,4.5,1.83
2026-10-01T14:54:19.126Z,sleeper,Quinshon Judkins,RB,CLE,anytime_touchdowns,0.5,2.11
2026-10-01T14:54:19.126Z,sleeper,Quinshon Judkins,RB,CLE,longest_reception,8.5,1.76
2026-10-01T14:54:19.126Z,sleeper,Quinshon Judkins,RB,CLE,longest_rush,12.5,1.7
2026-10-01T14:54:19.126Z,sleeper,Quinshon Judkins,RB,CLE,rec_yds,12.5,1.78
2026-10-01T14:54:19.126Z,sleeper,Quinshon Judkins,RB,CLE,receptions,2.5,2.31
2026-10-01T14:54:19.126Z,sleeper,Quinshon Judkins,RB,CLE,rush_rec_yds,72.5,1.79
2026-10-01T14:54:19.126Z,sleeper,Quinshon Judkins,RB,CLE,rush_att,16.5,1.8
2026-10-01T14:54:19.126Z,sleeper,Quinshon Judkins,RB,CLE,rush_yds,55.5,1.78
2026-10-01T14:54:19.126Z,sleeper,Germie Bernard,WR,PIT,longest_reception,8.5,1.79
2026-10-01T14:54:19.126Z,sleeper,Germie Bernard,WR,PIT,rec_yds,10.5,1.82
2026-10-01T14:54:19.126Z,sleeper,Germie Bernard,WR,PIT,receptions,1.5,2.25
2026-10-01T14:54:19.126Z,sleeper,KC Concepcion,WR,CLE,anytime_touchdowns,0.5,3.46
2026-10-01T14:54:19.126Z,sleeper,KC Concepcion,WR,CLE,longest_reception,14.5,1.75
2026-10-01T14:54:19.126Z,sleeper,KC Concepcion,WR,CLE,rec_yds,35.5,1.8
2026-10-01T14:54:19.126Z,sleeper,KC Concepcion,WR,CLE,receptions,3.5,1.55
2026-10-01T14:54:19.126Z,sleeper,Denzel Boston,WR,CLE,anytime_touchdowns,0.5,3.39
2026-10-01T14:54:19.126Z,sleeper,Denzel Boston,WR,CLE,longest_reception,19.5,1.77
2026-10-01T14:54:19.126Z,sleeper,Denzel Boston,WR,CLE,rec_yds,38.5,1.79
2026-10-01T14:54:19.126Z,sleeper,Denzel Boston,WR,CLE,receptions,2.5,1.56
2026-10-01T14:54:19.126Z,sleeper,Deshaun Watson,QB,CLE,interceptions,0.5,1.68
2026-10-01T14:54:19.126Z,sleeper,Deshaun Watson,QB,CLE,longest_passing_completion,30.5,1.75
2026-10-01T14:54:19.126Z,sleeper,Deshaun Watson,QB,CLE,longest_rush,12.5,1.88
2026-10-01T14:54:19.126Z,sleeper,Deshaun Watson,QB,CLE,pass_completions,18.5,1.82
2026-10-01T14:54:19.126Z,sleeper,Deshaun Watson,QB,CLE,pass_rush_yds,219.5,1.77
2026-10-01T14:54:19.126Z,sleeper,Deshaun Watson,QB,CLE,pass_att,28.5,1.71
2026-10-01T14:54:19.126Z,sleeper,Deshaun Watson,QB,CLE,pass_td,0.5,1.35
2026-10-01T14:54:19.126Z,sleeper,Deshaun Watson,QB,CLE,pass_yds,187.5,1.78
2026-10-01T14:54:19.126Z,sleeper,Deshaun Watson,QB,CLE,rush_att,6.5,1.85
2026-10-01T14:54:19.126Z,sleeper,Deshaun Watson,QB,CLE,rush_yds,29.5,1.79
2026-10-01T14:54:19.126Z,sleeper,DK Metcalf,WR,PIT,anytime_touchdowns,0.5,2.84
2026-10-01T14:54:19.126Z,sleeper,DK Metcalf,WR,PIT,longest_reception,19.5,1.8
2026-10-01T14:54:19.126Z,sleeper,DK Metcalf,WR,PIT,rec_yds,44.5,1.78
2026-10-01T14:54:19.126Z,sleeper,DK Metcalf,WR,PIT,receptions,3.5,1.62
2026-10-01T14:54:19.126Z,sleeper,Travis Homer,RB,PIT,rush_yds,7.5,1.84
2026-10-01T14:54:19.126Z,sleeper,Jerry Jeudy,WR,CLE,longest_reception,10.5,1.74
2026-10-01T14:54:19.126Z,sleeper,Jerry Jeudy,WR,CLE,rec_yds,13.5,1.78
2026-10-01T14:54:19.126Z,sleeper,Jerry Jeudy,WR,CLE,receptions,1.5,2.08
2026-10-01T14:54:19.126Z,sleeper,Michael Pittman,WR,PIT,longest_reception,16.5,1.8
2026-10-01T14:54:19.126Z,sleeper,Michael Pittman,WR,PIT,rec_yds,34.5,1.8
2026-10-01T14:54:19.126Z,sleeper,Michael Pittman,WR,PIT,receptions,3.5,1.94
2026-10-01T14:54:19.126Z,sleeper,Pat Freiermuth,TE,PIT,longest_reception,14.5,1.75
2026-10-01T14:54:19.126Z,sleeper,Pat Freiermuth,TE,PIT,rec_yds,28.5,1.81
2026-10-01T14:54:19.126Z,sleeper,Pat Freiermuth,TE,PIT,receptions,3.5,2.03
2026-10-01T14:54:19.126Z,sleeper,Jaylen Warren,RB,PIT,anytime_touchdowns,0.5,1.84
2026-10-01T14:54:19.126Z,sleeper,Jaylen Warren,RB,PIT,longest_reception,11.5,1.72
2026-10-01T14:54:19.126Z,sleeper,Jaylen Warren,RB,PIT,longest_rush,15.5,1.81
2026-10-01T14:54:19.126Z,sleeper,Jaylen Warren,RB,PIT,rec_yds,25.5,1.75
2026-10-01T14:54:19.126Z,sleeper,Jaylen Warren,RB,PIT,receptions,3.5,1.87
2026-10-01T14:54:19.126Z,sleeper,Jaylen Warren,RB,PIT,rush_rec_yds,104.5,1.76
2026-10-01T14:54:19.126Z,sleeper,Jaylen Warren,RB,PIT,rush_att,17.5,1.88
2026-10-01T14:54:19.126Z,sleeper,Jaylen Warren,RB,PIT,rush_yds,73.5,1.77
2026-10-01T14:54:19.126Z,sleeper,Darnell Washington,TE,PIT,longest_reception,11.5,1.8
2026-10-01T14:54:19.126Z,sleeper,Darnell Washington,TE,PIT,rec_yds,17.5,1.76
2026-10-01T14:54:19.126Z,sleeper,Darnell Washington,TE,PIT,receptions,2.5,2.12
2026-10-01T14:54:19.126Z,sleeper,Aaron Rodgers,QB,PIT,interceptions,0.5,1.9
2026-10-01T14:54:19.126Z,sleeper,Aaron Rodgers,QB,PIT,longest_passing_completion,33.5,1.75
2026-10-01T14:54:19.126Z,sleeper,Aaron Rodgers,QB,PIT,pass_completions,20.5,1.77
2026-10-01T14:54:19.126Z,sleeper,Aaron Rodgers,QB,PIT,pass_att,34.5,1.84
2026-10-01T14:54:19.126Z,sleeper,Aaron Rodgers,QB,PIT,pass_td,1.5,2.25
2026-10-01T14:54:19.126Z,sleeper,Aaron Rodgers,QB,PIT,pass_yds,214.5,1.77
2026-10-01T14:54:19.126Z,sleeper,Elic Ayomanor,WR,TEN,longest_reception,13.5,1.79
2026-10-01T14:54:19.126Z,sleeper,Elic Ayomanor,WR,TEN,rec_yds,20.5,1.79
2026-10-01T14:54:19.126Z,sleeper,Elic Ayomanor,WR,TEN,receptions,1.5,1.59
2026-10-01T14:54:19.126Z,sleeper,Gunnar Helm,TE,TEN,longest_reception,10.5,1.8
2026-10-01T14:54:19.126Z,sleeper,Gunnar Helm,TE,TEN,rec_yds,18.5,1.79
2026-10-01T14:54:19.126Z,sleeper,Gunnar Helm,TE,TEN,receptions,2.5,1.6
2026-10-01T14:54:19.126Z,sleeper,Cam Ward,QB,TEN,interceptions,0.5,1.77
2026-10-01T14:54:19.126Z,sleeper,Cam Ward,QB,TEN,longest_passing_completion,31.5,1.81
2026-10-01T14:54:19.126Z,sleeper,Cam Ward,QB,TEN,pass_completions,19.5,1.85
2026-10-01T14:54:19.126Z,sleeper,Cam Ward,QB,TEN,pass_rush_yds,198.5,1.77
2026-10-01T14:54:19.126Z,sleeper,Cam Ward,QB,TEN,pass_att,33.5,1.75
2026-10-01T14:54:19.126Z,sleeper,Cam Ward,QB,TEN,pass_td,0.5,1.48
2026-10-01T14:54:19.126Z,sleeper,Cam Ward,QB,TEN,pass_yds,186.5,1.77
2026-10-01T14:54:19.126Z,sleeper,Cam Ward,QB,TEN,rush_yds,9.5,1.73
2026-10-01T14:54:19.126Z,sleeper,Carnell Tate,WR,TEN,longest_reception,16.5,1.77
2026-10-01T14:54:19.126Z,sleeper,Carnell Tate,WR,TEN,rec_yds,41.5,1.77
2026-10-01T14:54:19.126Z,sleeper,Carnell Tate,WR,TEN,receptions,4.5,1.92
2026-10-01T14:54:19.126Z,sleeper,Derrick Henry,RB,BAL,anytime_touchdowns,0.5,1.37
2026-10-01T14:54:19.126Z,sleeper,Derrick Henry,RB,BAL,first_touchdown,0.5,3.32
2026-10-01T14:54:19.126Z,sleeper,Derrick Henry,RB,BAL,longest_rush,18.5,1.74
2026-10-01T14:54:19.126Z,sleeper,Derrick Henry,RB,BAL,rec_yds,7.5,1.78
2026-10-01T14:54:19.126Z,sleeper,Derrick Henry,RB,BAL,rush_rec_yds,108.5,1.78
2026-10-01T14:54:19.126Z,sleeper,Derrick Henry,RB,BAL,rush_att,19.5,1.73
2026-10-01T14:54:19.126Z,sleeper,Derrick Henry,RB,BAL,rush_yds,96.5,1.78
2026-10-01T14:54:19.126Z,sleeper,Lamar Jackson,QB,BAL,anytime_touchdowns,0.5,2.79
2026-10-01T14:54:19.126Z,sleeper,Lamar Jackson,QB,BAL,interceptions,0.5,1.97
2026-10-01T14:54:19.126Z,sleeper,Lamar Jackson,QB,BAL,longest_passing_completion,38.5,1.76
2026-10-01T14:54:19.126Z,sleeper,Lamar Jackson,QB,BAL,longest_rush,13.5,1.83
2026-10-01T14:54:19.126Z,sleeper,Lamar Jackson,QB,BAL,pass_completions,18.5,1.79
2026-10-01T14:54:19.126Z,sleeper,Lamar Jackson,QB,BAL,pass_rush_yds,254.5,1.77
2026-10-01T14:54:19.126Z,sleeper,Lamar Jackson,QB,BAL,pass_att,27.5,1.76
2026-10-01T14:54:19.126Z,sleeper,Lamar Jackson,QB,BAL,pass_td,1.5,1.67
2026-10-01T14:54:19.126Z,sleeper,Lamar Jackson,QB,BAL,pass_yds,223.5,1.78
2026-10-01T14:54:19.126Z,sleeper,Lamar Jackson,QB,BAL,rush_yds,31.5,1.76
2026-10-01T14:54:19.126Z,sleeper,Calvin Ridley,WR,TEN,rec_yds,7.5,1.81
2026-10-01T14:54:19.126Z,sleeper,Calvin Ridley,WR,TEN,receptions,1.5,2.46
2026-10-01T14:54:19.126Z,sleeper,Mark Andrews,TE,BAL,anytime_touchdowns,0.5,2.4
2026-10-01T14:54:19.126Z,sleeper,Mark Andrews,TE,BAL,longest_reception,16.5,1.84
2026-10-01T14:54:19.126Z,sleeper,Mark Andrews,TE,BAL,rec_yds,38.5,1.78
2026-10-01T14:54:19.126Z,sleeper,Mark Andrews,TE,BAL,receptions,3.5,1.55
2026-10-01T14:54:19.126Z,sleeper,Tony Pollard,RB,TEN,anytime_touchdowns,0.5,2.69
2026-10-01T14:54:19.126Z,sleeper,Tony Pollard,RB,TEN,longest_rush,11.5,1.69
2026-10-01T14:54:19.126Z,sleeper,Tony Pollard,RB,TEN,rec_yds,9.5,1.8
2026-10-01T14:54:19.126Z,sleeper,Tony Pollard,RB,TEN,rush_rec_yds,60.5,1.77
2026-10-01T14:54:19.126Z,sleeper,Tony Pollard,RB,TEN,rush_att,13.5,1.94
2026-10-01T14:54:19.126Z,sleeper,Tony Pollard,RB,TEN,rush_yds,47.5,1.8
2026-10-01T14:54:19.126Z,sleeper,Rashod Bateman,WR,BAL,anytime_touchdowns,0.5,3.17
2026-10-01T14:54:19.126Z,sleeper,Rashod Bateman,WR,BAL,longest_reception,17.5,1.74
2026-10-01T14:54:19.126Z,sleeper,Rashod Bateman,WR,BAL,rec_yds,33.5,1.79
2026-10-01T14:54:19.126Z,sleeper,Rashod Bateman,WR,BAL,receptions,2.5,1.63
2026-10-01T14:54:19.126Z,sleeper,Wan'Dale Robinson,WR,TEN,longest_reception,15.5,1.73
2026-10-01T14:54:19.126Z,sleeper,Wan'Dale Robinson,WR,TEN,rec_yds,37.5,1.77
2026-10-01T14:54:19.126Z,sleeper,Wan'Dale Robinson,WR,TEN,receptions,3.5,1.57
2026-10-01T14:54:19.126Z,sleeper,Tyjae Spears,RB,TEN,rush_yds,15.5,1.8
2026-10-01T14:54:19.126Z,sleeper,Zay Flowers,WR,BAL,anytime_touchdowns,0.5,2.23
2026-10-01T14:54:19.126Z,sleeper,Zay Flowers,WR,BAL,longest_reception,24.5,1.75
2026-10-01T14:54:19.126Z,sleeper,Zay Flowers,WR,BAL,rec_yds,68.5,1.79
2026-10-01T14:54:19.126Z,sleeper,Zay Flowers,WR,BAL,receptions,5.5,2.08
2026-10-01T14:54:19.126Z,sleeper,Dalton Kincaid,TE,BUF,anytime_touchdowns,0.5,2.41
2026-10-01T14:54:19.126Z,sleeper,Dalton Kincaid,TE,BUF,longest_reception,20.5,1.77
2026-10-01T14:54:19.126Z,sleeper,Dalton Kincaid,TE,BUF,rec_yds,51.5,1.77
2026-10-01T14:54:19.126Z,sleeper,Dalton Kincaid,TE,BUF,receptions,4.5,1.8
2026-10-01T14:54:19.126Z,sleeper,Drake Maye,QB,NE,interceptions,0.5,1.6
2026-10-01T14:54:19.126Z,sleeper,Drake Maye,QB,NE,longest_passing_completion,36.5,1.8
2026-10-01T14:54:19.126Z,sleeper,Drake Maye,QB,NE,longest_rush,12.5,1.73
2026-10-01T14:54:19.126Z,sleeper,Drake Maye,QB,NE,pass_completions,19.5,1.7
2026-10-01T14:54:19.126Z,sleeper,Drake Maye,QB,NE,pass_rush_yds,259.5,1.78
2026-10-01T14:54:19.126Z,sleeper,Drake Maye,QB,NE,pass_att,30.5,1.72
2026-10-01T14:54:19.126Z,sleeper,Drake Maye,QB,NE,pass_td,1.5,2.19
2026-10-01T14:54:19.126Z,sleeper,Drake Maye,QB,NE,pass_yds,230.5,1.78
2026-10-01T14:54:19.126Z,sleeper,Drake Maye,QB,NE,rush_att,5.5,1.78
2026-10-01T14:54:19.126Z,sleeper,Drake Maye,QB,NE,rush_yds,26.5,1.78
2026-10-01T14:54:19.126Z,sleeper,Keon Coleman,WR,BUF,longest_reception,11.5,1.83
2026-10-01T14:54:19.126Z,sleeper,Keon Coleman,WR,BUF,rec_yds,12.5,1.76
2026-10-01T14:54:19.126Z,sleeper,Keon Coleman,WR,BUF,receptions,1.5,1.87
2026-10-01T14:54:19.126Z,sleeper,TreVeyon Henderson,RB,NE,anytime_touchdowns,0.5,2.69
2026-10-01T14:54:19.126Z,sleeper,TreVeyon Henderson,RB,NE,longest_rush,11.5,1.73
2026-10-01T14:54:19.126Z,sleeper,TreVeyon Henderson,RB,NE,rec_yds,7.5,1.78
2026-10-01T14:54:19.126Z,sleeper,TreVeyon Henderson,RB,NE,receptions,1.5,2.16
2026-10-01T14:54:19.126Z,sleeper,TreVeyon Henderson,RB,NE,rush_rec_yds,51.5,1.76
2026-10-01T14:54:19.126Z,sleeper,TreVeyon Henderson,RB,NE,rush_att,10.5,1.87
2026-10-01T14:54:19.126Z,sleeper,TreVeyon Henderson,RB,NE,rush_yds,40.5,1.78
2026-10-01T14:54:19.126Z,sleeper,Hunter Henry,TE,NE,anytime_touchdowns,0.5,3.2
2026-10-01T14:54:19.126Z,sleeper,Hunter Henry,TE,NE,longest_reception,15.5,1.79
2026-10-01T14:54:19.126Z,sleeper,Hunter Henry,TE,NE,rec_yds,31.5,1.8
2026-10-01T14:54:19.126Z,sleeper,Hunter Henry,TE,NE,receptions,3.5,1.84
2026-10-01T14:54:19.126Z,sleeper,Mack Hollins,WR,NE,anytime_touchdowns,0.5,3.36
2026-10-01T14:54:19.126Z,sleeper,Mack Hollins,WR,NE,longest_reception,19.5,1.74
2026-10-01T14:54:19.126Z,sleeper,Mack Hollins,WR,NE,rec_yds,43.5,1.78
2026-10-01T14:54:19.126Z,sleeper,Mack Hollins,WR,NE,receptions,3.5,1.73
2026-10-01T14:54:19.126Z,sleeper,DJ Moore,WR,BUF,anytime_touchdowns,0.5,2.37
2026-10-01T14:54:19.126Z,sleeper,DJ Moore,WR,BUF,longest_reception,20.5,1.75
2026-10-01T14:54:19.126Z,sleeper,DJ Moore,WR,BUF,rec_yds,48.5,1.78
2026-10-01T14:54:19.126Z,sleeper,DJ Moore,WR,BUF,receptions,3.5,1.61
2026-10-01T14:54:19.126Z,sleeper,Josh Allen,QB,BUF,anytime_touchdowns,0.5,1.72
2026-10-01T14:54:19.126Z,sleeper,Josh Allen,QB,BUF,interceptions,0.5,1.96
2026-10-01T14:54:19.126Z,sleeper,Josh Allen,QB,BUF,longest_passing_completion,37.5,1.81
2026-10-01T14:54:19.126Z,sleeper,Josh Allen,QB,BUF,pass_completions,19.5,1.68
2026-10-01T14:54:19.126Z,sleeper,Josh Allen,QB,BUF,pass_rush_yds,277.5,1.78
2026-10-01T14:54:19.126Z,sleeper,Josh Allen,QB,BUF,pass_att,29.5,1.8
2026-10-01T14:54:19.126Z,sleeper,Josh Allen,QB,BUF,pass_td,1.5,1.56
2026-10-01T14:54:19.126Z,sleeper,Josh Allen,QB,BUF,pass_yds,240.5,1.78
2026-10-01T14:54:19.126Z,sleeper,Josh Allen,QB,BUF,rush_att,8.5,1.87
2026-10-01T14:54:19.126Z,sleeper,Josh Allen,QB,BUF,rush_yds,31.5,1.77
2026-10-01T14:54:19.126Z,sleeper,Ty Johnson,RB,BUF,longest_reception,9.5,1.82
2026-10-01T14:54:19.126Z,sleeper,Ty Johnson,RB,BUF,rec_yds,12.5,1.75
2026-10-01T14:54:19.126Z,sleeper,Ty Johnson,RB,BUF,receptions,1.5,1.61
2026-10-01T14:54:19.126Z,sleeper,Rhamondre Stevenson,RB,NE,anytime_touchdowns,0.5,2.36
2026-10-01T14:54:19.126Z,sleeper,Rhamondre Stevenson,RB,NE,longest_reception,9.5,1.74
2026-10-01T14:54:19.126Z,sleeper,Rhamondre Stevenson,RB,NE,longest_rush,10.5,1.72
2026-10-01T14:54:19.126Z,sleeper,Rhamondre Stevenson,RB,NE,rec_yds,18.5,1.8
2026-10-01T14:54:19.126Z,sleeper,Rhamondre Stevenson,RB,NE,receptions,2.5,1.65
2026-10-01T14:54:19.126Z,sleeper,Rhamondre Stevenson,RB,NE,rush_rec_yds,54.5,1.8
2026-10-01T14:54:19.126Z,sleeper,Rhamondre Stevenson,RB,NE,rush_att,8.5,1.77
2026-10-01T14:54:19.126Z,sleeper,Rhamondre Stevenson,RB,NE,rush_yds,31.5,1.76
2026-10-01T14:54:19.126Z,sleeper,Romeo Doubs,WR,NE,anytime_touchdowns,0.5,3.23
2026-10-01T14:54:19.126Z,sleeper,Romeo Doubs,WR,NE,longest_reception,19.5,1.75
2026-10-01T14:54:19.126Z,sleeper,Romeo Doubs,WR,NE,rec_yds,39.5,1.76
2026-10-01T14:54:19.126Z,sleeper,Romeo Doubs,WR,NE,receptions,3.5,2.01
2026-10-01T14:54:19.126Z,sleeper,Khalil Shakir,WR,BUF,anytime_touchdowns,0.5,3
2026-10-01T14:54:19.126Z,sleeper,Khalil Shakir,WR,BUF,longest_reception,17.5,1.77
2026-10-01T14:54:19.126Z,sleeper,Khalil Shakir,WR,BUF,rec_yds,38.5,1.79
2026-10-01T14:54:19.126Z,sleeper,Khalil Shakir,WR,BUF,receptions,3.5,1.6
2026-10-01T14:54:19.126Z,sleeper,James Cook,RB,BUF,anytime_touchdowns,0.5,1.7
2026-10-01T14:54:19.126Z,sleeper,James Cook,RB,BUF,longest_reception,8.5,1.9
2026-10-01T14:54:19.126Z,sleeper,James Cook,RB,BUF,longest_rush,17.5,1.8
2026-10-01T14:54:19.126Z,sleeper,James Cook,RB,BUF,rec_yds,7.5,1.8
2026-10-01T14:54:19.126Z,sleeper,James Cook,RB,BUF,receptions,1.5,1.84
2026-10-01T14:54:19.126Z,sleeper,James Cook,RB,BUF,rush_rec_yds,99.5,1.8
2026-10-01T14:54:19.126Z,sleeper,James Cook,RB,BUF,rush_att,17.5,1.68
2026-10-01T14:54:19.126Z,sleeper,James Cook,RB,BUF,rush_yds,86.5,1.77
2026-10-01T14:54:19.126Z,sleeper,DeMario Douglas,WR,NE,longest_reception,14.5,1.74
2026-10-01T14:54:19.126Z,sleeper,DeMario Douglas,WR,NE,rec_yds,27.5,1.8
2026-10-01T14:54:19.126Z,sleeper,DeMario Douglas,WR,NE,receptions,2.5,1.67
2026-10-01T14:54:19.126Z,sleeper,Sam LaPorta,TE,DET,anytime_touchdowns,0.5,2.65
2026-10-01T14:54:19.126Z,sleeper,Sam LaPorta,TE,DET,longest_reception,19.5,1.84
2026-10-01T14:54:19.126Z,sleeper,Sam LaPorta,TE,DET,rec_yds,48.5,1.78
2026-10-01T14:54:19.126Z,sleeper,Sam LaPorta,TE,DET,receptions,4.5,1.84
2026-10-01T14:54:19.126Z,sleeper,Jalen Coker,WR,CAR,anytime_touchdowns,0.5,2.69
2026-10-01T14:54:19.126Z,sleeper,Sione Vaki,RB,DET,rush_yds,9.5,1.78
2026-10-01T14:54:19.126Z,sleeper,Tetairoa McMillan,WR,CAR,anytime_touchdowns,0.5,2.33
2026-10-01T14:54:19.126Z,sleeper,Tetairoa McMillan,WR,CAR,longest_reception,24.5,1.81
2026-10-01T14:54:19.126Z,sleeper,Tetairoa McMillan,WR,CAR,rec_yds,70.5,1.79
2026-10-01T14:54:19.126Z,sleeper,Tetairoa McMillan,WR,CAR,receptions,4.5,1.59
2026-10-01T14:54:19.126Z,sleeper,Isaac TeSlaa,WR,DET,longest_reception,13.5,1.81
2026-10-01T14:54:19.126Z,sleeper,Isaac TeSlaa,WR,DET,rec_yds,17.5,1.79
2026-10-01T14:54:19.126Z,sleeper,Isaac TeSlaa,WR,DET,receptions,1.5,1.83
2026-10-01T14:54:19.126Z,sleeper,Darren Waller,TE,CAR,anytime_touchdowns,0.5,3.07
2026-10-01T14:54:19.126Z,sleeper,Darren Waller,TE,CAR,rec_yds,23.5,1.78
2026-10-01T14:54:19.126Z,sleeper,Darren Waller,TE,CAR,receptions,2.5,1.69
2026-10-01T14:54:19.126Z,sleeper,Jared Goff,QB,DET,interceptions,0.5,2.03
2026-10-01T14:54:19.126Z,sleeper,Jared Goff,QB,DET,longest_passing_completion,36.5,1.8
2026-10-01T14:54:19.126Z,sleeper,Jared Goff,QB,DET,pass_completions,23.5,1.78
2026-10-01T14:54:19.126Z,sleeper,Jared Goff,QB,DET,pass_att,34.5,1.77
2026-10-01T14:54:19.126Z,sleeper,Jared Goff,QB,DET,pass_td,1.5,1.46
2026-10-01T14:54:19.126Z,sleeper,Jared Goff,QB,DET,pass_yds,261.5,1.78
2026-10-01T14:54:19.126Z,sleeper,AJ Dillon,RB,CAR,rush_yds,13.5,1.79
2026-10-01T14:54:19.126Z,sleeper,Amon-Ra St. Brown,WR,DET,anytime_touchdowns,0.5,1.72
2026-10-01T14:54:19.126Z,sleeper,Amon-Ra St. Brown,WR,DET,longest_reception,22.5,1.73
2026-10-01T14:54:19.126Z,sleeper,Amon-Ra St. Brown,WR,DET,rec_yds,76.5,1.77
2026-10-01T14:54:19.126Z,sleeper,Amon-Ra St. Brown,WR,DET,receptions,6.5,1.59
2026-10-01T14:54:19.126Z,sleeper,Chuba Hubbard,RB,CAR,anytime_touchdowns,0.5,1.7
2026-10-01T14:54:19.126Z,sleeper,Chuba Hubbard,RB,CAR,longest_rush,14.5,1.85
2026-10-01T14:54:19.126Z,sleeper,Chuba Hubbard,RB,CAR,rec_yds,18.5,1.78
2026-10-01T14:54:19.126Z,sleeper,Chuba Hubbard,RB,CAR,receptions,2.5,1.58
2026-10-01T14:54:19.126Z,sleeper,Chuba Hubbard,RB,CAR,rush_rec_yds,89.5,1.76
2026-10-01T14:54:19.126Z,sleeper,Chuba Hubbard,RB,CAR,rush_att,16.5,1.77
2026-10-01T14:54:19.126Z,sleeper,Chuba Hubbard,RB,CAR,rush_yds,66.5,1.77
2026-10-01T14:54:19.126Z,sleeper,Tommy Tremble,TE,CAR,rec_yds,12.5,1.77
2026-10-01T14:54:19.126Z,sleeper,Tommy Tremble,TE,CAR,receptions,1.5,1.57
2026-10-01T14:54:19.126Z,sleeper,Jameson Williams,WR,DET,anytime_touchdowns,0.5,2.74
2026-10-01T14:54:19.126Z,sleeper,Jameson Williams,WR,DET,longest_reception,21.5,1.76
2026-10-01T14:54:19.126Z,sleeper,Jameson Williams,WR,DET,rec_yds,50.5,1.78
2026-10-01T14:54:19.126Z,sleeper,Jameson Williams,WR,DET,receptions,3.5,1.89
2026-10-01T14:54:19.126Z,sleeper,Jahmyr Gibbs,RB,DET,anytime_touchdowns,0.5,1.23
2026-10-01T14:54:19.126Z,sleeper,Jahmyr Gibbs,RB,DET,first_touchdown,0.5,3.33
2026-10-01T14:54:19.126Z,sleeper,Jahmyr Gibbs,RB,DET,longest_reception,14.5,1.75
2026-10-01T14:54:19.126Z,sleeper,Jahmyr Gibbs,RB,DET,longest_rush,19.5,1.75
2026-10-01T14:54:19.126Z,sleeper,Jahmyr Gibbs,RB,DET,rec_yds,35.5,1.76
2026-10-01T14:54:19.126Z,sleeper,Jahmyr Gibbs,RB,DET,receptions,4.5,1.69
2026-10-01T14:54:19.126Z,sleeper,Jahmyr Gibbs,RB,DET,rush_rec_yds,136.5,1.77
2026-10-01T14:54:19.126Z,sleeper,Jahmyr Gibbs,RB,DET,rush_att,19.5,1.77
2026-10-01T14:54:19.126Z,sleeper,Jahmyr Gibbs,RB,DET,rush_yds,96.5,1.78
2026-10-01T14:54:19.126Z,sleeper,Bryce Young,QB,CAR,interceptions,0.5,1.66
2026-10-01T14:54:19.126Z,sleeper,Bryce Young,QB,CAR,longest_rush,8.5,1.76
2026-10-01T14:54:19.126Z,sleeper,Bryce Young,QB,CAR,pass_completions,21.5,1.83
2026-10-01T14:54:19.126Z,sleeper,Bryce Young,QB,CAR,pass_rush_yds,265.5,1.77
2026-10-01T14:54:19.126Z,sleeper,Bryce Young,QB,CAR,pass_att,35.5,1.8
2026-10-01T14:54:19.126Z,sleeper,Bryce Young,QB,CAR,pass_td,1.5,1.71
2026-10-01T14:54:19.126Z,sleeper,Bryce Young,QB,CAR,pass_yds,246.5,1.76
2026-10-01T14:54:19.126Z,sleeper,Bryce Young,QB,CAR,rush_att,2.5,1.64
2026-10-01T14:54:19.126Z,sleeper,Bryce Young,QB,CAR,rush_yds,12.5,1.77
2026-10-01T14:54:19.126Z,sleeper,Tyson Bagent,QB,CHI,interceptions,0.5,1.84
2026-10-01T14:54:19.126Z,sleeper,Tyson Bagent,QB,CHI,longest_passing_completion,32.5,1.79
2026-10-01T14:54:19.126Z,sleeper,Tyson Bagent,QB,CHI,longest_rush,9.5,1.75
2026-10-01T14:54:19.126Z,sleeper,Tyson Bagent,QB,CHI,pass_completions,19.5,1.87
2026-10-01T14:54:19.126Z,sleeper,Tyson Bagent,QB,CHI,pass_rush_yds,219.5,1.77
2026-10-01T14:54:19.126Z,sleeper,Tyson Bagent,QB,CHI,pass_att,29.5,1.74
2026-10-01T14:54:19.126Z,sleeper,Tyson Bagent,QB,CHI,pass_td,1.5,2.07
2026-10-01T14:54:19.126Z,sleeper,Tyson Bagent,QB,CHI,pass_yds,199.5,1.78
2026-10-01T14:54:19.126Z,sleeper,Tyson Bagent,QB,CHI,rush_yds,13.5,1.75
2026-10-01T14:54:19.126Z,sleeper,Isaiah Davis,RB,NYJ,anytime_touchdowns,0.5,3.48
2026-10-01T14:54:19.126Z,sleeper,Isaiah Davis,RB,NYJ,rec_yds,9.5,1.8
2026-10-01T14:54:19.126Z,sleeper,Isaiah Davis,RB,NYJ,receptions,1.5,1.86
2026-10-01T14:54:19.126Z,sleeper,Isaiah Davis,RB,NYJ,rush_rec_yds,33.5,1.78
2026-10-01T14:54:19.126Z,sleeper,Isaiah Davis,RB,NYJ,rush_yds,21.5,1.78
2026-10-01T14:54:19.126Z,sleeper,Braelon Allen,RB,NYJ,anytime_touchdowns,0.5,2.1
2026-10-01T14:54:19.126Z,sleeper,Braelon Allen,RB,NYJ,longest_reception,8.5,1.82
2026-10-01T14:54:19.126Z,sleeper,Braelon Allen,RB,NYJ,longest_rush,13.5,1.87
2026-10-01T14:54:19.126Z,sleeper,Braelon Allen,RB,NYJ,rec_yds,11.5,1.82
2026-10-01T14:54:19.126Z,sleeper,Braelon Allen,RB,NYJ,receptions,1.5,1.59
2026-10-01T14:54:19.126Z,sleeper,Braelon Allen,RB,NYJ,rush_rec_yds,70.5,1.77
2026-10-01T14:54:19.126Z,sleeper,Braelon Allen,RB,NYJ,rush_att,14.5,1.92
2026-10-01T14:54:19.126Z,sleeper,Braelon Allen,RB,NYJ,rush_yds,55.5,1.79
2026-10-01T14:54:19.126Z,sleeper,Isaiah Williams,WR,NYJ,longest_reception,13.5,1.82
2026-10-01T14:54:19.126Z,sleeper,Isaiah Williams,WR,NYJ,rec_yds,22.5,1.76
2026-10-01T14:54:19.126Z,sleeper,Isaiah Williams,WR,NYJ,receptions,2.5,1.76
2026-10-01T14:54:19.126Z,sleeper,Rome Odunze,WR,CHI,longest_reception,16.5,1.78
2026-10-01T14:54:19.126Z,sleeper,Rome Odunze,WR,CHI,rec_yds,30.5,1.77
2026-10-01T14:54:19.126Z,sleeper,Rome Odunze,WR,CHI,receptions,2.5,1.75
2026-10-01T14:54:19.126Z,sleeper,Colston Loveland,TE,CHI,anytime_touchdowns,0.5,3.11
2026-10-01T14:54:19.126Z,sleeper,Colston Loveland,TE,CHI,longest_reception,15.5,1.79
2026-10-01T14:54:19.126Z,sleeper,Colston Loveland,TE,CHI,rec_yds,32.5,1.79
2026-10-01T14:54:19.126Z,sleeper,Colston Loveland,TE,CHI,receptions,3.5,1.9
2026-10-01T14:54:19.126Z,sleeper,Luther Burden,WR,CHI,anytime_touchdowns,0.5,2.87
2026-10-01T14:54:19.126Z,sleeper,Luther Burden,WR,CHI,longest_reception,18.5,1.74
2026-10-01T14:54:19.126Z,sleeper,Luther Burden,WR,CHI,rec_yds,46.5,1.79
2026-10-01T14:54:19.126Z,sleeper,Luther Burden,WR,CHI,receptions,4.5,1.95
2026-10-01T14:54:19.126Z,sleeper,Kyle Monangai,RB,CHI,anytime_touchdowns,0.5,2.62
2026-10-01T14:54:19.126Z,sleeper,Kyle Monangai,RB,CHI,longest_rush,11.5,1.7
2026-10-01T14:54:19.126Z,sleeper,Kyle Monangai,RB,CHI,receptions,1.5,2.17
2026-10-01T14:54:19.126Z,sleeper,Kyle Monangai,RB,CHI,rush_att,9.5,1.94
2026-10-01T14:54:19.126Z,sleeper,Kyle Monangai,RB,CHI,rush_yds,38.5,1.77
2026-10-01T14:54:19.126Z,sleeper,Kenyon Sadiq,TE,NYJ,anytime_touchdowns,0.5,2.98
2026-10-01T14:54:19.126Z,sleeper,Kenyon Sadiq,TE,NYJ,rec_yds,42.5,1.8
2026-10-01T14:54:19.126Z,sleeper,Kenyon Sadiq,TE,NYJ,receptions,4.5,1.97
2026-10-01T14:54:19.126Z,sleeper,Geno Smith,QB,NYJ,interceptions,0.5,1.6
2026-10-01T14:54:19.126Z,sleeper,Geno Smith,QB,NYJ,longest_passing_completion,33.5,1.75
2026-10-01T14:54:19.126Z,sleeper,Geno Smith,QB,NYJ,longest_rush,9.5,1.85
2026-10-01T14:54:19.126Z,sleeper,Geno Smith,QB,NYJ,pass_completions,21.5,1.86
2026-10-01T14:54:19.126Z,sleeper,Geno Smith,QB,NYJ,pass_rush_yds,243.5,1.78
2026-10-01T14:54:19.126Z,sleeper,Geno Smith,QB,NYJ,pass_att,32.5,1.74
2026-10-01T14:54:19.126Z,sleeper,Geno Smith,QB,NYJ,pass_td,1.5,2.37
2026-10-01T14:54:19.126Z,sleeper,Geno Smith,QB,NYJ,pass_yds,226.5,1.79
2026-10-01T14:54:19.126Z,sleeper,Geno Smith,QB,NYJ,rush_yds,11.5,1.77
2026-10-01T14:54:19.126Z,sleeper,Kalif Raymond,WR,CHI,longest_reception,15.5,1.75
2026-10-01T14:54:19.126Z,sleeper,Kalif Raymond,WR,CHI,rec_yds,32.5,1.77
2026-10-01T14:54:19.126Z,sleeper,Kalif Raymond,WR,CHI,receptions,3.5,1.99
2026-10-01T14:54:19.126Z,sleeper,D'Andre Swift,RB,CHI,anytime_touchdowns,0.5,1.75
2026-10-01T14:54:19.126Z,sleeper,D'Andre Swift,RB,CHI,longest_reception,8.5,1.78
2026-10-01T14:54:19.126Z,sleeper,D'Andre Swift,RB,CHI,longest_rush,14.5,1.71
2026-10-01T14:54:19.126Z,sleeper,D'Andre Swift,RB,CHI,rec_yds,14.5,1.8
2026-10-01T14:54:19.126Z,sleeper,D'Andre Swift,RB,CHI,receptions,1.5,1.49
2026-10-01T14:54:19.126Z,sleeper,D'Andre Swift,RB,CHI,rush_rec_yds,85.5,1.78
2026-10-01T14:54:19.126Z,sleeper,D'Andre Swift,RB,CHI,rush_att,16.5,1.88
2026-10-01T14:54:19.126Z,sleeper,D'Andre Swift,RB,CHI,rush_yds,66.5,1.77
2026-10-01T14:54:19.126Z,sleeper,Cole Kmet,TE,CHI,longest_reception,8.5,1.8
2026-10-01T14:54:19.126Z,sleeper,Cole Kmet,TE,CHI,rec_yds,9.5,1.76
2026-10-01T14:54:19.126Z,sleeper,Cole Kmet,TE,CHI,receptions,1.5,2.44
2026-10-01T14:54:19.126Z,sleeper,Garrett Wilson,WR,NYJ,anytime_touchdowns,0.5,2.4
2026-10-01T14:54:19.126Z,sleeper,Garrett Wilson,WR,NYJ,longest_reception,24.5,1.76
2026-10-01T14:54:19.126Z,sleeper,Garrett Wilson,WR,NYJ,rec_yds,75.5,1.78
2026-10-01T14:54:19.126Z,sleeper,Garrett Wilson,WR,NYJ,receptions,6.5,1.82
2026-10-01T14:54:19.126Z,sleeper,Chris Rodriguez,RB,JAX,anytime_touchdowns,0.5,3.24
2026-10-01T14:54:19.126Z,sleeper,Chris Rodriguez,RB,JAX,longest_rush,9.5,1.88
2026-10-01T14:54:19.126Z,sleeper,Chris Rodriguez,RB,JAX,rush_yds,19.5,1.75
2026-10-01T14:54:19.126Z,sleeper,Brian Thomas,WR,JAX,longest_reception,16.5,1.74
2026-10-01T14:54:19.126Z,sleeper,Brian Thomas,WR,JAX,rec_yds,28.5,1.76
2026-10-01T14:54:19.126Z,sleeper,Brian Thomas,WR,JAX,receptions,2.5,1.99
2026-10-01T14:54:19.126Z,sleeper,Bhayshul Tuten,RB,JAX,anytime_touchdowns,0.5,1.83
2026-10-01T14:54:19.126Z,sleeper,Bhayshul Tuten,RB,JAX,longest_reception,8.5,1.9
2026-10-01T14:54:19.126Z,sleeper,Bhayshul Tuten,RB,JAX,longest_rush,13.5,1.72
2026-10-01T14:54:19.126Z,sleeper,Bhayshul Tuten,RB,JAX,rec_yds,10.5,1.77
2026-10-01T14:54:19.126Z,sleeper,Bhayshul Tuten,RB,JAX,receptions,1.5,1.59
2026-10-01T14:54:19.126Z,sleeper,Bhayshul Tuten,RB,JAX,rush_rec_yds,69.5,1.77
2026-10-01T14:54:19.126Z,sleeper,Bhayshul Tuten,RB,JAX,rush_att,12.5,1.65
2026-10-01T14:54:19.126Z,sleeper,Bhayshul Tuten,RB,JAX,rush_yds,54.5,1.76
2026-10-01T14:54:19.126Z,sleeper,Dohnte Meyers,WR,CIN,longest_reception,12.5,1.77
2026-10-01T14:54:19.126Z,sleeper,Dohnte Meyers,WR,CIN,rec_yds,18.5,1.76
2026-10-01T14:54:19.126Z,sleeper,Dohnte Meyers,WR,CIN,receptions,1.5,1.51
2026-10-01T14:54:19.126Z,sleeper,Samaje Perine,RB,CIN,rec_yds,9.5,1.79
2026-10-01T14:54:19.126Z,sleeper,Samaje Perine,RB,CIN,receptions,1.5,1.75
2026-10-01T14:54:19.126Z,sleeper,Samaje Perine,RB,CIN,rush_rec_yds,25.5,1.78
2026-10-01T14:54:19.126Z,sleeper,Samaje Perine,RB,CIN,rush_yds,12.5,1.78
2026-10-01T14:54:19.126Z,sleeper,Mike Gesicki,TE,CIN,anytime_touchdowns,0.5,3.33
2026-10-01T14:54:19.126Z,sleeper,Mike Gesicki,TE,CIN,longest_reception,15.5,1.83
2026-10-01T14:54:19.126Z,sleeper,Mike Gesicki,TE,CIN,rec_yds,27.5,1.76
2026-10-01T14:54:19.126Z,sleeper,Mike Gesicki,TE,CIN,receptions,2.5,1.72
2026-10-01T14:54:19.126Z,sleeper,Jakobi Meyers,WR,JAX,anytime_touchdowns,0.5,3.06
2026-10-01T14:54:19.126Z,sleeper,Jakobi Meyers,WR,JAX,longest_reception,18.5,1.8
2026-10-01T14:54:19.126Z,sleeper,Jakobi Meyers,WR,JAX,rec_yds,40.5,1.8
2026-10-01T14:54:19.126Z,sleeper,Jakobi Meyers,WR,JAX,receptions,3.5,1.65
2026-10-01T14:54:19.126Z,sleeper,Drew Sample,TE,CIN,rec_yds,6.5,1.78
2026-10-01T14:54:19.126Z,sleeper,Drew Sample,TE,CIN,receptions,1.5,2.08
2026-10-01T14:54:19.126Z,sleeper,Joe Burrow,QB,CIN,interceptions,0.5,1.77
2026-10-01T14:54:19.126Z,sleeper,Joe Burrow,QB,CIN,longest_passing_completion,37.5,1.82
2026-10-01T14:54:19.126Z,sleeper,Joe Burrow,QB,CIN,pass_completions,24.5,1.89
2026-10-01T14:54:19.126Z,sleeper,Joe Burrow,QB,CIN,pass_rush_yds,280.5,1.77
2026-10-01T14:54:19.126Z,sleeper,Joe Burrow,QB,CIN,pass_att,35.5,1.73
2026-10-01T14:54:19.126Z,sleeper,Joe Burrow,QB,CIN,pass_td,1.5,1.42
2026-10-01T14:54:19.126Z,sleeper,Joe Burrow,QB,CIN,pass_yds,266.5,1.78
2026-10-01T14:54:19.126Z,sleeper,Joe Burrow,QB,CIN,rush_yds,8.5,1.79
2026-10-01T14:54:19.126Z,sleeper,Tee Higgins,WR,CIN,anytime_touchdowns,0.5,2.29
2026-10-01T14:54:19.126Z,sleeper,Tee Higgins,WR,CIN,longest_reception,22.5,1.77
2026-10-01T14:54:19.126Z,sleeper,Tee Higgins,WR,CIN,rec_yds,60.5,1.77
2026-10-01T14:54:19.126Z,sleeper,Tee Higgins,WR,CIN,receptions,4.5,1.93
2026-10-01T14:54:19.126Z,sleeper,Trevor Lawrence,QB,JAX,interceptions,0.5,1.65
2026-10-01T14:54:19.126Z,sleeper,Trevor Lawrence,QB,JAX,longest_passing_completion,38.5,1.82
2026-10-01T14:54:19.126Z,sleeper,Trevor Lawrence,QB,JAX,longest_rush,8.5,1.76
2026-10-01T14:54:19.126Z,sleeper,Trevor Lawrence,QB,JAX,pass_completions,21.5,1.78
2026-10-01T14:54:19.126Z,sleeper,Trevor Lawrence,QB,JAX,pass_rush_yds,278.5,1.78
2026-10-01T14:54:19.126Z,sleeper,Trevor Lawrence,QB,JAX,pass_att,34.5,1.8
2026-10-01T14:54:19.126Z,sleeper,Trevor Lawrence,QB,JAX,pass_td,1.5,1.64
2026-10-01T14:54:19.126Z,sleeper,Trevor Lawrence,QB,JAX,pass_yds,262.5,1.77
2026-10-01T14:54:19.126Z,sleeper,Trevor Lawrence,QB,JAX,rush_yds,13.5,1.77
2026-10-01T14:54:19.126Z,sleeper,Ja'Marr Chase,WR,CIN,anytime_touchdowns,0.5,1.79
2026-10-01T14:54:19.126Z,sleeper,Ja'Marr Chase,WR,CIN,longest_reception,24.5,1.74
2026-10-01T14:54:19.126Z,sleeper,Ja'Marr Chase,WR,CIN,rec_yds,79.5,1.77
2026-10-01T14:54:19.126Z,sleeper,Ja'Marr Chase,WR,CIN,receptions,6.5,1.68
2026-10-01T14:54:19.126Z,sleeper,Chase Brown,RB,CIN,anytime_touchdowns,0.5,1.58
2026-10-01T14:54:19.126Z,sleeper,Chase Brown,RB,CIN,longest_reception,9.5,1.99
2026-10-01T14:54:19.126Z,sleeper,Chase Brown,RB,CIN,longest_rush,14.5,1.89
2026-10-01T14:54:19.126Z,sleeper,Chase Brown,RB,CIN,rec_yds,19.5,1.8
2026-10-01T14:54:19.126Z,sleeper,Chase Brown,RB,CIN,receptions,3.5,1.96
2026-10-01T14:54:19.126Z,sleeper,Chase Brown,RB,CIN,rush_rec_yds,87.5,1.76
2026-10-01T14:54:19.126Z,sleeper,Chase Brown,RB,CIN,rush_att,16.5,1.72
2026-10-01T14:54:19.126Z,sleeper,Chase Brown,RB,CIN,rush_yds,64.5,1.77
2026-10-01T14:54:19.126Z,sleeper,Brenton Strange,TE,JAX,anytime_touchdowns,0.5,3.15
2026-10-01T14:54:19.126Z,sleeper,Brenton Strange,TE,JAX,longest_reception,16.5,1.83
2026-10-01T14:54:19.126Z,sleeper,Brenton Strange,TE,JAX,rec_yds,33.5,1.79
2026-10-01T14:54:19.126Z,sleeper,Brenton Strange,TE,JAX,receptions,3.5,1.95
2026-10-01T14:54:19.126Z,sleeper,Parker Washington,WR,JAX,anytime_touchdowns,0.5,2.26
2026-10-01T14:54:19.126Z,sleeper,Parker Washington,WR,JAX,longest_reception,25.5,1.8
2026-10-01T14:54:19.126Z,sleeper,Parker Washington,WR,JAX,rec_yds,72.5,1.78
2026-10-01T14:54:19.126Z,sleeper,Parker Washington,WR,JAX,receptions,5.5,1.93
2026-10-01T14:54:19.126Z,sleeper,Xavier Hutchinson,WR,HOU,longest_reception,16.5,1.85
2026-10-01T14:54:19.126Z,sleeper,Xavier Hutchinson,WR,HOU,rec_yds,28.5,1.8
2026-10-01T14:54:19.126Z,sleeper,Xavier Hutchinson,WR,HOU,receptions,2.5,1.66
2026-10-01T14:54:19.126Z,sleeper,Ryan Flournoy,WR,DAL,longest_reception,15.5,1.84
2026-10-01T14:54:19.126Z,sleeper,Ryan Flournoy,WR,DAL,rec_yds,33.5,1.77
2026-10-01T14:54:19.126Z,sleeper,Ryan Flournoy,WR,DAL,receptions,3.5,1.89
2026-10-01T14:54:19.126Z,sleeper,Woody Marks,RB,HOU,anytime_touchdowns,0.5,2.67
2026-10-01T14:54:19.126Z,sleeper,Woody Marks,RB,HOU,longest_rush,11.5,1.82
2026-10-01T14:54:19.126Z,sleeper,Woody Marks,RB,HOU,rec_yds,9.5,1.77
2026-10-01T14:54:19.126Z,sleeper,Woody Marks,RB,HOU,receptions,1.5,1.58
2026-10-01T14:54:19.126Z,sleeper,Woody Marks,RB,HOU,rush_rec_yds,49.5,1.78
2026-10-01T14:54:19.126Z,sleeper,Woody Marks,RB,HOU,rush_att,9.5,1.85
2026-10-01T14:54:19.126Z,sleeper,Woody Marks,RB,HOU,rush_yds,35.5,1.81
2026-10-01T14:54:19.126Z,sleeper,Jaylin Noel,WR,HOU,longest_reception,9.5,1.76
2026-10-01T14:54:19.126Z,sleeper,Jaylin Noel,WR,HOU,rec_yds,11.5,1.79
2026-10-01T14:54:19.126Z,sleeper,Jaylin Noel,WR,HOU,receptions,1.5,2.39
2026-10-01T14:54:19.126Z,sleeper,Dak Prescott,QB,DAL,interceptions,0.5,1.72
2026-10-01T14:54:19.126Z,sleeper,Dak Prescott,QB,DAL,longest_passing_completion,38.5,1.8
2026-10-01T14:54:19.126Z,sleeper,Dak Prescott,QB,DAL,pass_completions,24.5,1.8
2026-10-01T14:54:19.126Z,sleeper,Dak Prescott,QB,DAL,pass_rush_yds,285.5,1.77
2026-10-01T14:54:19.126Z,sleeper,Dak Prescott,QB,DAL,pass_att,35.5,1.82
2026-10-01T14:54:19.126Z,sleeper,Dak Prescott,QB,DAL,pass_td,1.5,1.73
2026-10-01T14:54:19.126Z,sleeper,Dak Prescott,QB,DAL,pass_yds,271.5,1.78
2026-10-01T14:54:19.126Z,sleeper,Dak Prescott,QB,DAL,rush_att,3.5,2.14
2026-10-01T14:54:19.126Z,sleeper,Dak Prescott,QB,DAL,rush_yds,10.5,1.82
2026-10-01T14:54:19.126Z,sleeper,Dalton Schultz,TE,HOU,anytime_touchdowns,0.5,2.86
2026-10-01T14:54:19.126Z,sleeper,Dalton Schultz,TE,HOU,longest_reception,18.5,1.85
2026-10-01T14:54:19.126Z,sleeper,Dalton Schultz,TE,HOU,rec_yds,44.5,1.79
2026-10-01T14:54:19.126Z,sleeper,Dalton Schultz,TE,HOU,receptions,4.5,1.64
2026-10-01T14:54:19.126Z,sleeper,David Montgomery,RB,HOU,anytime_touchdowns,0.5,1.67
2026-10-01T14:54:19.126Z,sleeper,David Montgomery,RB,HOU,longest_reception,8.5,1.87
2026-10-01T14:54:19.126Z,sleeper,David Montgomery,RB,HOU,longest_rush,12.5,1.8
2026-10-01T14:54:19.126Z,sleeper,David Montgomery,RB,HOU,rec_yds,10.5,1.76
2026-10-01T14:54:19.126Z,sleeper,David Montgomery,RB,HOU,receptions,1.5,1.67
2026-10-01T14:54:19.126Z,sleeper,David Montgomery,RB,HOU,rush_rec_yds,60.5,1.79
2026-10-01T14:54:19.126Z,sleeper,David Montgomery,RB,HOU,rush_att,11.5,1.7
2026-10-01T14:54:19.126Z,sleeper,David Montgomery,RB,HOU,rush_yds,44.5,1.77
2026-10-01T14:54:19.126Z,sleeper,CeeDee Lamb,WR,DAL,anytime_touchdowns,0.5,2.14
2026-10-01T14:54:19.126Z,sleeper,CeeDee Lamb,WR,DAL,longest_reception,24.5,1.75
2026-10-01T14:54:19.126Z,sleeper,CeeDee Lamb,WR,DAL,rec_yds,77.5,1.79
2026-10-01T14:54:19.126Z,sleeper,CeeDee Lamb,WR,DAL,receptions,5.5,1.67
2026-10-01T14:54:19.126Z,sleeper,Nico Collins,WR,HOU,anytime_touchdowns,0.5,2.38
2026-10-01T14:54:19.126Z,sleeper,Nico Collins,WR,HOU,longest_reception,25.5,1.82
2026-10-01T14:54:19.126Z,sleeper,Nico Collins,WR,HOU,rec_yds,73.5,1.77
2026-10-01T14:54:19.126Z,sleeper,Nico Collins,WR,HOU,receptions,5.5,1.89
2026-10-01T14:54:19.126Z,sleeper,Javonte Williams,RB,DAL,anytime_touchdowns,0.5,1.71
2026-10-01T14:54:19.126Z,sleeper,Javonte Williams,RB,DAL,longest_reception,8.5,1.81
2026-10-01T14:54:19.126Z,sleeper,Javonte Williams,RB,DAL,longest_rush,13.5,1.85
2026-10-01T14:54:19.126Z,sleeper,Javonte Williams,RB,DAL,rec_yds,13.5,1.77
2026-10-01T14:54:19.126Z,sleeper,Javonte Williams,RB,DAL,receptions,2.5,1.63
2026-10-01T14:54:19.126Z,sleeper,Javonte Williams,RB,DAL,rush_rec_yds,78.5,1.79
2026-10-01T14:54:19.126Z,sleeper,Javonte Williams,RB,DAL,rush_att,15.5,1.76
2026-10-01T14:54:19.126Z,sleeper,Javonte Williams,RB,DAL,rush_yds,60.5,1.78
2026-10-01T14:54:19.126Z,sleeper,Jake Ferguson,TE,DAL,anytime_touchdowns,0.5,3.43
2026-10-01T14:54:19.126Z,sleeper,Jake Ferguson,TE,DAL,longest_reception,11.5,1.76
2026-10-01T14:54:19.126Z,sleeper,Jake Ferguson,TE,DAL,rec_yds,24.5,1.8
2026-10-01T14:54:19.126Z,sleeper,Jake Ferguson,TE,DAL,receptions,3.5,1.92
2026-10-01T14:54:19.126Z,sleeper,George Pickens,WR,DAL,anytime_touchdowns,0.5,2.51
2026-10-01T14:54:19.126Z,sleeper,George Pickens,WR,DAL,longest_reception,24.5,1.82
2026-10-01T14:54:19.126Z,sleeper,George Pickens,WR,DAL,rec_yds,67.5,1.77
2026-10-01T14:54:19.126Z,sleeper,George Pickens,WR,DAL,receptions,4.5,1.62
2026-10-01T14:54:19.126Z,sleeper,Kayshon Boutte,WR,HOU,longest_reception,15.5,1.75
2026-10-01T14:54:19.126Z,sleeper,Kayshon Boutte,WR,HOU,rec_yds,23.5,1.77
2026-10-01T14:54:19.126Z,sleeper,Kayshon Boutte,WR,HOU,receptions,1.5,1.55
2026-10-01T14:54:19.126Z,sleeper,C.J. Stroud,QB,HOU,interceptions,0.5,1.8
2026-10-01T14:54:19.126Z,sleeper,C.J. Stroud,QB,HOU,longest_passing_completion,37.5,1.75
2026-10-01T14:54:19.126Z,sleeper,C.J. Stroud,QB,HOU,longest_rush,8.5,1.81
2026-10-01T14:54:19.126Z,sleeper,C.J. Stroud,QB,HOU,pass_completions,21.5,1.85
2026-10-01T14:54:19.126Z,sleeper,C.J. Stroud,QB,HOU,pass_rush_yds,261.5,1.79
2026-10-01T14:54:19.126Z,sleeper,C.J. Stroud,QB,HOU,pass_att,32.5,1.75
2026-10-01T14:54:19.126Z,sleeper,C.J. Stroud,QB,HOU,pass_td,1.5,1.85
2026-10-01T14:54:19.126Z,sleeper,C.J. Stroud,QB,HOU,pass_yds,244.5,1.79
2026-10-01T14:54:19.126Z,sleeper,C.J. Stroud,QB,HOU,rush_att,3.5,1.9
2026-10-01T14:54:19.126Z,sleeper,C.J. Stroud,QB,HOU,rush_yds,11.5,1.79
2026-10-01T14:54:19.126Z,sleeper,Malik Washington,WR,MIA,longest_reception,15.5,1.82
2026-10-01T14:54:19.126Z,sleeper,Malik Washington,WR,MIA,rec_yds,35.5,1.76
2026-10-01T14:54:19.126Z,sleeper,Malik Washington,WR,MIA,receptions,3.5,1.64
2026-10-01T14:54:19.126Z,sleeper,Jaylen Wright,RB,MIA,longest_rush,9.5,1.81
2026-10-01T14:54:19.126Z,sleeper,Jaylen Wright,RB,MIA,receptions,1.5,2.29
2026-10-01T14:54:19.126Z,sleeper,Jaylen Wright,RB,MIA,rush_att,6.5,1.63
2026-10-01T14:54:19.126Z,sleeper,Jaylen Wright,RB,MIA,rush_yds,22.5,1.76
2026-10-01T14:54:19.126Z,sleeper,Ollie Gordon,RB,MIA,anytime_touchdowns,0.5,3.41
2026-10-01T14:54:19.126Z,sleeper,Ollie Gordon,RB,MIA,rush_yds,29.5,1.76
2026-10-01T14:54:19.126Z,sleeper,Chris Bell,WR,MIA,rec_yds,32.5,1.79
2026-10-01T14:54:19.126Z,sleeper,Chris Bell,WR,MIA,receptions,2.5,1.89
2026-10-01T14:54:19.126Z,sleeper,Aaron Jones,RB,MIN,anytime_touchdowns,0.5,1.59
2026-10-01T14:54:19.126Z,sleeper,Aaron Jones,RB,MIN,longest_reception,10.5,1.8
2026-10-01T14:54:19.126Z,sleeper,Aaron Jones,RB,MIN,longest_rush,13.5,1.75
2026-10-01T14:54:19.126Z,sleeper,Aaron Jones,RB,MIN,rec_yds,18.5,1.79
2026-10-01T14:54:19.126Z,sleeper,Aaron Jones,RB,MIN,receptions,2.5,1.52
2026-10-01T14:54:19.126Z,sleeper,Aaron Jones,RB,MIN,rush_rec_yds,89.5,1.79
2026-10-01T14:54:19.126Z,sleeper,Aaron Jones,RB,MIN,rush_att,17.5,1.82
2026-10-01T14:54:19.126Z,sleeper,Aaron Jones,RB,MIN,rush_yds,67.5,1.79
2026-10-01T14:54:19.126Z,sleeper,T.J. Hockenson,TE,MIN,anytime_touchdowns,0.5,2.61
2026-10-01T14:54:19.126Z,sleeper,Kyler Murray,QB,MIN,interceptions,0.5,2.12
2026-10-01T14:54:19.126Z,sleeper,Kyler Murray,QB,MIN,longest_rush,10.5,1.76
2026-10-01T14:54:19.126Z,sleeper,Kyler Murray,QB,MIN,pass_completions,19.5,1.78
2026-10-01T14:54:19.126Z,sleeper,Kyler Murray,QB,MIN,pass_rush_yds,231.5,1.78
2026-10-01T14:54:19.126Z,sleeper,Kyler Murray,QB,MIN,pass_att,28.5,1.79
2026-10-01T14:54:19.126Z,sleeper,Kyler Murray,QB,MIN,pass_td,1.5,1.89
2026-10-01T14:54:19.126Z,sleeper,Kyler Murray,QB,MIN,pass_yds,206.5,1.79
2026-10-01T14:54:19.126Z,sleeper,Kyler Murray,QB,MIN,rush_att,5.5,1.88
2026-10-01T14:54:19.126Z,sleeper,Kyler Murray,QB,MIN,rush_yds,19.5,1.76
2026-10-01T14:54:19.126Z,sleeper,Justin Jefferson,WR,MIN,anytime_touchdowns,0.5,2.21
2026-10-01T14:54:19.126Z,sleeper,Malik Willis,QB,MIA,interceptions,0.5,1.5
2026-10-01T14:54:19.126Z,sleeper,Malik Willis,QB,MIA,longest_passing_completion,31.5,1.79
2026-10-01T14:54:19.126Z,sleeper,Malik Willis,QB,MIA,pass_completions,15.5,1.73
2026-10-01T14:54:19.126Z,sleeper,Malik Willis,QB,MIA,pass_rush_yds,203.5,1.78
2026-10-01T14:54:19.126Z,sleeper,Malik Willis,QB,MIA,pass_att,28.5,1.83
2026-10-01T14:54:19.126Z,sleeper,Malik Willis,QB,MIA,pass_td,0.5,1.86
2026-10-01T14:54:19.126Z,sleeper,Malik Willis,QB,MIA,pass_yds,170.5,1.79
2026-10-01T14:54:19.126Z,sleeper,Malik Willis,QB,MIA,rush_yds,29.5,1.81
2026-10-01T14:54:19.126Z,sleeper,Greg Dulcich,TE,MIA,longest_reception,14.5,1.8
2026-10-01T14:54:19.126Z,sleeper,Greg Dulcich,TE,MIA,rec_yds,27.5,1.78
2026-10-01T14:54:19.126Z,sleeper,Greg Dulcich,TE,MIA,receptions,2.5,1.61
2026-10-01T14:54:19.126Z,sleeper,Jordan Addison,WR,MIN,anytime_touchdowns,0.5,2.26
2026-10-01T14:54:19.126Z,sleeper,Michael Wilson,WR,ARI,anytime_touchdowns,0.5,2.76
2026-10-01T14:54:19.126Z,sleeper,Michael Wilson,WR,ARI,longest_reception,21.5,1.83
2026-10-01T14:54:19.126Z,sleeper,Michael Wilson,WR,ARI,rec_yds,56.5,1.79
2026-10-01T14:54:19.126Z,sleeper,Michael Wilson,WR,ARI,receptions,5.5,2.06
2026-10-01T14:54:19.126Z,sleeper,Marvin Harrison,WR,ARI,longest_reception,17.5,1.81
2026-10-01T14:54:19.126Z,sleeper,Marvin Harrison,WR,ARI,rec_yds,32.5,1.77
2026-10-01T14:54:19.126Z,sleeper,Marvin Harrison,WR,ARI,receptions,2.5,1.84
2026-10-01T14:54:19.126Z,sleeper,Malik Nabers,WR,NYG,anytime_touchdowns,0.5,2.65
2026-10-01T14:54:19.126Z,sleeper,Malik Nabers,WR,NYG,longest_reception,21.5,1.8
2026-10-01T14:54:19.126Z,sleeper,Malik Nabers,WR,NYG,rec_yds,53.5,1.77
2026-10-01T14:54:19.126Z,sleeper,Malik Nabers,WR,NYG,receptions,4.5,1.68
2026-10-01T14:54:19.126Z,sleeper,Cam Skattebo,RB,NYG,anytime_touchdowns,0.5,1.72
2026-10-01T14:54:19.126Z,sleeper,Cam Skattebo,RB,NYG,longest_reception,10.5,1.77
2026-10-01T14:54:19.126Z,sleeper,Cam Skattebo,RB,NYG,longest_rush,13.5,1.8
2026-10-01T14:54:19.126Z,sleeper,Cam Skattebo,RB,NYG,rec_yds,17.5,1.8
2026-10-01T14:54:19.126Z,sleeper,Cam Skattebo,RB,NYG,receptions,2.5,1.86
2026-10-01T14:54:19.126Z,sleeper,Cam Skattebo,RB,NYG,rush_rec_yds,84.5,1.78
2026-10-01T14:54:19.126Z,sleeper,Cam Skattebo,RB,NYG,rush_att,16.5,1.82
2026-10-01T14:54:19.126Z,sleeper,Cam Skattebo,RB,NYG,rush_yds,63.5,1.78
2026-10-01T14:54:19.126Z,sleeper,Malachi Fields,WR,NYG,longest_reception,15.5,1.78
2026-10-01T14:54:19.126Z,sleeper,Malachi Fields,WR,NYG,rec_yds,23.5,1.77
2026-10-01T14:54:19.126Z,sleeper,Malachi Fields,WR,NYG,receptions,1.5,1.5
2026-10-01T14:54:19.126Z,sleeper,Jeremiyah Love,RB,ARI,anytime_touchdowns,0.5,1.77
2026-10-01T14:54:19.126Z,sleeper,Jeremiyah Love,RB,ARI,longest_reception,8.5,1.79
2026-10-01T14:54:19.126Z,sleeper,Jeremiyah Love,RB,ARI,longest_rush,14.5,1.75
2026-10-01T14:54:19.126Z,sleeper,Jeremiyah Love,RB,ARI,rec_yds,15.5,1.8
2026-10-01T14:54:19.126Z,sleeper,Jeremiyah Love,RB,ARI,receptions,2.5,1.48
2026-10-01T14:54:19.126Z,sleeper,Jeremiyah Love,RB,ARI,rush_rec_yds,84.5,1.77
2026-10-01T14:54:19.126Z,sleeper,Jeremiyah Love,RB,ARI,rush_att,15.5,1.72
2026-10-01T14:54:19.126Z,sleeper,Jeremiyah Love,RB,ARI,rush_yds,64.5,1.78
2026-10-01T14:54:19.126Z,sleeper,Jameis Winston,QB,NYG,interceptions,0.5,1.54
2026-10-01T14:54:19.126Z,sleeper,Jameis Winston,QB,NYG,longest_passing_completion,35.5,1.81
2026-10-01T14:54:19.126Z,sleeper,Jameis Winston,QB,NYG,pass_completions,18.5,1.85
2026-10-01T14:54:19.126Z,sleeper,Jameis Winston,QB,NYG,pass_att,30.5,1.8
2026-10-01T14:54:19.126Z,sleeper,Jameis Winston,QB,NYG,pass_td,1.5,2.4
2026-10-01T14:54:19.126Z,sleeper,Jameis Winston,QB,NYG,pass_yds,209.5,1.78
2026-10-01T14:54:19.126Z,sleeper,Jacoby Brissett,QB,ARI,interceptions,0.5,1.74
2026-10-01T14:54:19.126Z,sleeper,Jacoby Brissett,QB,ARI,longest_passing_completion,34.5,1.78
2026-10-01T14:54:19.126Z,sleeper,Jacoby Brissett,QB,ARI,pass_completions,23.5,1.89
2026-10-01T14:54:19.126Z,sleeper,Jacoby Brissett,QB,ARI,pass_rush_yds,243.5,1.78
2026-10-01T14:54:19.126Z,sleeper,Jacoby Brissett,QB,ARI,pass_att,34.5,1.72
2026-10-01T14:54:19.126Z,sleeper,Jacoby Brissett,QB,ARI,pass_td,1.5,2.03
2026-10-01T14:54:19.126Z,sleeper,Jacoby Brissett,QB,ARI,pass_yds,231.5,1.78
2026-10-01T14:54:19.126Z,sleeper,Jacoby Brissett,QB,ARI,rush_yds,7.5,1.8
2026-10-01T14:54:19.126Z,sleeper,Kendrick Bourne,WR,ARI,longest_reception,13.5,1.85
2026-10-01T14:54:19.126Z,sleeper,Kendrick Bourne,WR,ARI,rec_yds,20.5,1.81
2026-10-01T14:54:19.126Z,sleeper,Kendrick Bourne,WR,ARI,receptions,2.5,2.16
2026-10-01T14:54:19.126Z,sleeper,Darnell Mooney,WR,NYG,longest_reception,14.5,1.75
2026-10-01T14:54:19.126Z,sleeper,Darnell Mooney,WR,NYG,rec_yds,20.5,1.78
2026-10-01T14:54:19.126Z,sleeper,Darnell Mooney,WR,NYG,receptions,1.5,1.51
2026-10-01T14:54:19.126Z,sleeper,Najee Harris,RB,NYG,longest_rush,9.5,1.87
2026-10-01T14:54:19.126Z,sleeper,Najee Harris,RB,NYG,rush_yds,23.5,1.77
2026-10-01T14:54:19.126Z,sleeper,Trey McBride,TE,ARI,anytime_touchdowns,0.5,2.22
2026-10-01T14:54:19.126Z,sleeper,Trey McBride,TE,ARI,longest_reception,20.5,1.77
2026-10-01T14:54:19.126Z,sleeper,Trey McBride,TE,ARI,rec_yds,68.5,1.79
2026-10-01T14:54:19.126Z,sleeper,Trey McBride,TE,ARI,receptions,7.5,1.99
2026-10-01T14:54:19.126Z,sleeper,Isaiah Likely,TE,NYG,anytime_touchdowns,0.5,3.14
2026-10-01T14:54:19.126Z,sleeper,Isaiah Likely,TE,NYG,longest_reception,17.5,1.73
2026-10-01T14:54:19.126Z,sleeper,Isaiah Likely,TE,NYG,rec_yds,39.5,1.79
2026-10-01T14:54:19.126Z,sleeper,Isaiah Likely,TE,NYG,receptions,4.5,2.13
2026-10-01T14:54:19.126Z,sleeper,Tyler Allgeier,RB,ARI,anytime_touchdowns,0.5,3.32
2026-10-01T14:54:19.126Z,sleeper,Tyler Allgeier,RB,ARI,longest_rush,8.5,1.78
2026-10-01T14:54:19.126Z,sleeper,Tyler Allgeier,RB,ARI,rush_yds,18.5,1.81
2026-10-01T14:54:19.126Z,sleeper,Tre Tucker,WR,LV,anytime_touchdowns,0.5,3.47
2026-10-01T14:54:19.126Z,sleeper,Tre Tucker,WR,LV,longest_reception,18.5,1.81
2026-10-01T14:54:19.126Z,sleeper,Tre Tucker,WR,LV,rec_yds,37.5,1.76
2026-10-01T14:54:19.126Z,sleeper,Tre Tucker,WR,LV,receptions,3.5,2.06
2026-10-01T14:54:19.126Z,sleeper,Rashee Rice,WR,KC,anytime_touchdowns,0.5,2.35
2026-10-01T14:54:19.126Z,sleeper,Rashee Rice,WR,KC,rec_yds,54.5,1.76
2026-10-01T14:54:19.126Z,sleeper,Rashee Rice,WR,KC,receptions,4.5,1.72
2026-10-01T14:54:19.126Z,sleeper,Brock Bowers,TE,LV,anytime_touchdowns,0.5,2.5
2026-10-01T14:54:19.126Z,sleeper,Brock Bowers,TE,LV,longest_reception,22.5,1.76
2026-10-01T14:54:19.126Z,sleeper,Brock Bowers,TE,LV,rec_yds,74.5,1.78
2026-10-01T14:54:19.126Z,sleeper,Brock Bowers,TE,LV,receptions,6.5,1.59
2026-10-01T14:54:19.126Z,sleeper,Xavier Worthy,WR,KC,anytime_touchdowns,0.5,3.05
2026-10-01T14:54:19.126Z,sleeper,Xavier Worthy,WR,KC,longest_reception,17.5,1.76
2026-10-01T14:54:19.126Z,sleeper,Xavier Worthy,WR,KC,rec_yds,33.5,1.77
2026-10-01T14:54:19.126Z,sleeper,Xavier Worthy,WR,KC,receptions,3.5,2.18
2026-10-01T14:54:19.126Z,sleeper,Kirk Cousins,QB,LV,interceptions,0.5,1.51
2026-10-01T14:54:19.126Z,sleeper,Kirk Cousins,QB,LV,longest_passing_completion,33.5,1.75
2026-10-01T14:54:19.126Z,sleeper,Kirk Cousins,QB,LV,pass_completions,21.5,1.72
2026-10-01T14:54:19.126Z,sleeper,Kirk Cousins,QB,LV,pass_att,33.5,1.77
2026-10-01T14:54:19.126Z,sleeper,Kirk Cousins,QB,LV,pass_td,1.5,2.06
2026-10-01T14:54:19.126Z,sleeper,Kirk Cousins,QB,LV,pass_yds,225.5,1.77
2026-10-01T14:54:19.126Z,sleeper,Ashton Jeanty,RB,LV,anytime_touchdowns,0.5,1.64
2026-10-01T14:54:19.126Z,sleeper,Ashton Jeanty,RB,LV,longest_rush,12.5,1.76
2026-10-01T14:54:19.126Z,sleeper,Ashton Jeanty,RB,LV,rec_yds,20.5,1.8
2026-10-01T14:54:19.126Z,sleeper,Ashton Jeanty,RB,LV,receptions,3.5,2.07
2026-10-01T14:54:19.126Z,sleeper,Ashton Jeanty,RB,LV,rush_rec_yds,82.5,1.77
2026-10-01T14:54:19.126Z,sleeper,Ashton Jeanty,RB,LV,rush_att,17.5,1.89
2026-10-01T14:54:19.126Z,sleeper,Ashton Jeanty,RB,LV,rush_yds,58.5,1.77
2026-10-01T14:54:19.126Z,sleeper,Mike Washington,RB,LV,rush_yds,16.5,1.8
2026-10-01T14:54:19.126Z,sleeper,Emmett Johnson,RB,KC,rec_yds,7.5,1.74
2026-10-01T14:54:19.126Z,sleeper,Emmett Johnson,RB,KC,receptions,1.5,2.36
2026-10-01T14:54:19.126Z,sleeper,Emmett Johnson,RB,KC,rush_rec_yds,28.5,1.76
2026-10-01T14:54:19.126Z,sleeper,Emmett Johnson,RB,KC,rush_yds,16.5,1.75
2026-10-01T14:54:19.126Z,sleeper,Travis Kelce,TE,KC,anytime_touchdowns,0.5,2.36
2026-10-01T14:54:19.126Z,sleeper,Travis Kelce,TE,KC,longest_reception,19.5,1.83
2026-10-01T14:54:19.126Z,sleeper,Travis Kelce,TE,KC,rec_yds,47.5,1.76
2026-10-01T14:54:19.126Z,sleeper,Travis Kelce,TE,KC,receptions,4.5,1.96
2026-10-01T14:54:19.126Z,sleeper,Patrick Mahomes,QB,KC,interceptions,0.5,2.01
2026-10-01T14:54:19.126Z,sleeper,Patrick Mahomes,QB,KC,pass_completions,20.5,1.69
2026-10-01T14:54:19.126Z,sleeper,Patrick Mahomes,QB,KC,pass_rush_yds,258.5,1.77
2026-10-01T14:54:19.126Z,sleeper,Patrick Mahomes,QB,KC,pass_att,31.5,1.77
2026-10-01T14:54:19.126Z,sleeper,Patrick Mahomes,QB,KC,pass_td,1.5,1.66
2026-10-01T14:54:19.126Z,sleeper,Patrick Mahomes,QB,KC,pass_yds,238.5,1.79
2026-10-01T14:54:19.126Z,sleeper,Patrick Mahomes,QB,KC,rush_yds,15.5,1.79
2026-10-01T14:54:19.126Z,sleeper,Noah Gray,TE,KC,rec_yds,8.5,1.81
2026-10-01T14:54:19.126Z,sleeper,Noah Gray,TE,KC,receptions,1.5,2.33
2026-10-01T14:54:19.126Z,sleeper,Kenneth Walker,RB,KC,anytime_touchdowns,0.5,1.51
2026-10-01T14:54:19.126Z,sleeper,Kenneth Walker,RB,KC,longest_reception,11.5,1.8
2026-10-01T14:54:19.126Z,sleeper,Kenneth Walker,RB,KC,longest_rush,17.5,1.83
2026-10-01T14:54:19.126Z,sleeper,Kenneth Walker,RB,KC,rec_yds,20.5,1.82
2026-10-01T14:54:19.126Z,sleeper,Kenneth Walker,RB,KC,receptions,2.5,1.59
2026-10-01T14:54:19.126Z,sleeper,Kenneth Walker,RB,KC,rush_rec_yds,111.5,1.77
2026-10-01T14:54:19.126Z,sleeper,Kenneth Walker,RB,KC,rush_att,18.5,1.78
2026-10-01T14:54:19.126Z,sleeper,Kenneth Walker,RB,KC,rush_yds,87.5,1.79
2026-10-01T14:54:19.126Z,sleeper,Jalen Nailor,WR,LV,longest_reception,13.5,1.78
2026-10-01T14:54:19.126Z,sleeper,Jalen Nailor,WR,LV,rec_yds,19.5,1.78
2026-10-01T14:54:19.126Z,sleeper,Jalen Nailor,WR,LV,receptions,1.5,1.51
2026-10-01T14:54:19.126Z,sleeper,Tyquan Thornton,WR,KC,longest_reception,15.5,1.8
2026-10-01T14:54:19.126Z,sleeper,Tyquan Thornton,WR,KC,rec_yds,20.5,1.77
2026-10-01T14:54:19.126Z,sleeper,Tyquan Thornton,WR,KC,receptions,1.5,1.95
2026-10-01T14:54:19.126Z,sleeper,Michael Mayer,TE,LV,longest_reception,12.5,1.78
2026-10-01T14:54:19.126Z,sleeper,Michael Mayer,TE,LV,rec_yds,21.5,1.8
2026-10-01T14:54:19.126Z,sleeper,Michael Mayer,TE,LV,receptions,2.5,1.73
2026-10-01T14:54:19.126Z,sleeper,Blake Corum,RB,LAR,anytime_touchdowns,0.5,3.2
2026-10-01T14:54:19.126Z,sleeper,Blake Corum,RB,LAR,longest_rush,13.5,1.75
2026-10-01T14:54:19.126Z,sleeper,Blake Corum,RB,LAR,rush_att,9.5,1.79
2026-10-01T14:54:19.126Z,sleeper,Blake Corum,RB,LAR,rush_yds,41.5,1.8
2026-10-01T14:54:19.126Z,sleeper,Makai Lemon,WR,PHI,longest_reception,14.5,1.83
2026-10-01T14:54:19.126Z,sleeper,Makai Lemon,WR,PHI,rec_yds,26.5,1.78
2026-10-01T14:54:19.126Z,sleeper,Makai Lemon,WR,PHI,receptions,2.5,1.54
2026-10-01T14:54:19.126Z,sleeper,Zach Ertz,TE,PHI,rec_yds,9.5,1.75
2026-10-01T14:54:19.126Z,sleeper,Zach Ertz,TE,PHI,receptions,1.5,1.91
2026-10-01T14:54:19.126Z,sleeper,Davante Adams,WR,LAR,anytime_touchdowns,0.5,2.03
2026-10-01T14:54:19.126Z,sleeper,Davante Adams,WR,LAR,longest_reception,22.5,1.77
2026-10-01T14:54:19.126Z,sleeper,Davante Adams,WR,LAR,rec_yds,64.5,1.77
2026-10-01T14:54:19.126Z,sleeper,Davante Adams,WR,LAR,receptions,4.5,1.63
2026-10-01T14:54:19.126Z,sleeper,Matthew Stafford,QB,LAR,interceptions,0.5,1.83
2026-10-01T14:54:19.126Z,sleeper,Matthew Stafford,QB,LAR,longest_passing_completion,37.5,1.82
2026-10-01T14:54:19.126Z,sleeper,Matthew Stafford,QB,LAR,pass_completions,21.5,1.87
2026-10-01T14:54:19.126Z,sleeper,Matthew Stafford,QB,LAR,pass_att,34.5,1.74
2026-10-01T14:54:19.126Z,sleeper,Matthew Stafford,QB,LAR,pass_td,1.5,1.73
2026-10-01T14:54:19.126Z,sleeper,Matthew Stafford,QB,LAR,pass_yds,251.5,1.77
2026-10-01T14:54:19.126Z,sleeper,Johnny Mundt,TE,PHI,rec_yds,7.5,1.78
2026-10-01T14:54:19.126Z,sleeper,Johnny Mundt,TE,PHI,receptions,1.5,2.28
2026-10-01T14:54:19.126Z,sleeper,Saquon Barkley,RB,PHI,anytime_touchdowns,0.5,1.98
2026-10-01T14:54:19.126Z,sleeper,Saquon Barkley,RB,PHI,longest_rush,15.5,1.71
2026-10-01T14:54:19.126Z,sleeper,Saquon Barkley,RB,PHI,rec_yds,11.5,1.77
2026-10-01T14:54:19.126Z,sleeper,Saquon Barkley,RB,PHI,receptions,1.5,1.6
2026-10-01T14:54:19.126Z,sleeper,Saquon Barkley,RB,PHI,rush_rec_yds,91.5,1.77
2026-10-01T14:54:19.126Z,sleeper,Saquon Barkley,RB,PHI,rush_att,17.5,1.75
2026-10-01T14:54:19.126Z,sleeper,Saquon Barkley,RB,PHI,rush_yds,76.5,1.77
2026-10-01T14:54:19.126Z,sleeper,Jalen Hurts,QB,PHI,anytime_touchdowns,0.5,2.49
2026-10-01T14:54:19.126Z,sleeper,Jalen Hurts,QB,PHI,interceptions,0.5,1.82
2026-10-01T14:54:19.126Z,sleeper,Jalen Hurts,QB,PHI,longest_passing_completion,33.5,1.74
2026-10-01T14:54:19.126Z,sleeper,Jalen Hurts,QB,PHI,longest_rush,10.5,1.73
2026-10-01T14:54:19.126Z,sleeper,Jalen Hurts,QB,PHI,pass_completions,18.5,1.68
2026-10-01T14:54:19.126Z,sleeper,Jalen Hurts,QB,PHI,pass_rush_yds,231.5,1.79
2026-10-01T14:54:19.126Z,sleeper,Jalen Hurts,QB,PHI,pass_att,29.5,1.73
2026-10-01T14:54:19.126Z,sleeper,Jalen Hurts,QB,PHI,pass_td,1.5,2.55
2026-10-01T14:54:19.126Z,sleeper,Jalen Hurts,QB,PHI,pass_yds,203.5,1.78
2026-10-01T14:54:19.126Z,sleeper,Jalen Hurts,QB,PHI,rush_att,6.5,2.02
2026-10-01T14:54:19.126Z,sleeper,Jalen Hurts,QB,PHI,rush_yds,24.5,1.76
2026-10-01T14:54:19.126Z,sleeper,DeVonta Smith,WR,PHI,anytime_touchdowns,0.5,2.67
2026-10-01T14:54:19.126Z,sleeper,DeVonta Smith,WR,PHI,longest_reception,23.5,1.8
2026-10-01T14:54:19.126Z,sleeper,DeVonta Smith,WR,PHI,rec_yds,67.5,1.77
2026-10-01T14:54:19.126Z,sleeper,DeVonta Smith,WR,PHI,receptions,5.5,1.6
2026-10-01T14:54:19.126Z,sleeper,Kyren Williams,RB,LAR,anytime_touchdowns,0.5,1.76
2026-10-01T14:54:19.126Z,sleeper,Kyren Williams,RB,LAR,longest_reception,8.5,1.68
2026-10-01T14:54:19.126Z,sleeper,Kyren Williams,RB,LAR,rec_yds,14.5,1.79
2026-10-01T14:54:19.126Z,sleeper,Kyren Williams,RB,LAR,receptions,2.5,2.04
2026-10-01T14:54:19.126Z,sleeper,Kyren Williams,RB,LAR,rush_rec_yds,74.5,1.79
2026-10-01T14:54:19.126Z,sleeper,Kyren Williams,RB,LAR,rush_att,13.5,1.78
2026-10-01T14:54:19.126Z,sleeper,Kyren Williams,RB,LAR,rush_yds,56.5,1.77
2026-10-01T14:54:19.126Z,sleeper,Tank Bigsby,RB,PHI,rush_yds,10.5,1.78
2026-10-01T14:54:19.126Z,sleeper,Dontayvion Wicks,WR,PHI,longest_reception,18.5,1.78
2026-10-01T14:54:19.126Z,sleeper,Dontayvion Wicks,WR,PHI,rec_yds,40.5,1.78
2026-10-01T14:54:19.126Z,sleeper,Dontayvion Wicks,WR,PHI,receptions,3.5,2.18
2026-10-01T14:54:19.126Z,sleeper,Puka Nacua,WR,LAR,anytime_touchdowns,0.5,2.24
2026-10-01T14:54:19.126Z,sleeper,Puka Nacua,WR,LAR,longest_reception,25.5,1.74
2026-10-01T14:54:19.126Z,sleeper,Puka Nacua,WR,LAR,rec_yds,77.5,1.78
2026-10-01T14:54:19.126Z,sleeper,Puka Nacua,WR,LAR,receptions,6.5,2.05
2026-10-01T14:54:19.126Z,sleeper,Emanuel Wilson,RB,SEA,anytime_touchdowns,0.5,2.81
2026-10-01T14:54:19.126Z,sleeper,Emanuel Wilson,RB,SEA,longest_rush,12.5,1.82
2026-10-01T14:54:19.126Z,sleeper,Emanuel Wilson,RB,SEA,rush_yds,38.5,1.76
2026-10-01T14:54:19.126Z,sleeper,AJ Barner,TE,SEA,anytime_touchdowns,0.5,3.14
2026-10-01T14:54:19.126Z,sleeper,AJ Barner,TE,SEA,longest_reception,14.5,1.72
2026-10-01T14:54:19.126Z,sleeper,AJ Barner,TE,SEA,rec_yds,30.5,1.76
2026-10-01T14:54:19.126Z,sleeper,AJ Barner,TE,SEA,receptions,3.5,2.09
2026-10-01T14:54:19.126Z,sleeper,Ladd McConkey,WR,LAC,anytime_touchdowns,0.5,3.41
2026-10-01T14:54:19.126Z,sleeper,Ladd McConkey,WR,LAC,longest_reception,18.5,1.76
2026-10-01T14:54:19.126Z,sleeper,Ladd McConkey,WR,LAC,rec_yds,46.5,1.8
2026-10-01T14:54:19.126Z,sleeper,Ladd McConkey,WR,LAC,receptions,3.5,1.53
2026-10-01T14:54:19.126Z,sleeper,Oronde Gadsden,TE,LAC,longest_reception,13.5,1.75
2026-10-01T14:54:19.126Z,sleeper,Oronde Gadsden,TE,LAC,rec_yds,25.5,1.8
2026-10-01T14:54:19.126Z,sleeper,Oronde Gadsden,TE,LAC,receptions,2.5,1.8
2026-10-01T14:54:19.126Z,sleeper,Omarion Hampton,RB,LAC,anytime_touchdowns,0.5,2.04
2026-10-01T14:54:19.126Z,sleeper,Omarion Hampton,RB,LAC,longest_rush,11.5,1.72
2026-10-01T14:54:19.126Z,sleeper,Omarion Hampton,RB,LAC,rush_att,13.5,1.83
2026-10-01T14:54:19.126Z,sleeper,Omarion Hampton,RB,LAC,rush_yds,45.5,1.77
2026-10-01T14:54:19.126Z,sleeper,Tre' Harris,WR,LAC,longest_reception,16.5,1.77
2026-10-01T14:54:19.126Z,sleeper,Tre' Harris,WR,LAC,rec_yds,33.5,1.78
2026-10-01T14:54:19.126Z,sleeper,Tre' Harris,WR,LAC,receptions,2.5,1.52
2026-10-01T14:54:19.126Z,sleeper,Jadarian Price,RB,SEA,anytime_touchdowns,0.5,2.3
2026-10-01T14:54:19.126Z,sleeper,Jadarian Price,RB,SEA,longest_rush,12.5,1.81
2026-10-01T14:54:19.126Z,sleeper,Jadarian Price,RB,SEA,rec_yds,9.5,1.77
2026-10-01T14:54:19.126Z,sleeper,Jadarian Price,RB,SEA,receptions,1.5,1.78
2026-10-01T14:54:19.126Z,sleeper,Jadarian Price,RB,SEA,rush_rec_yds,55.5,1.78
2026-10-01T14:54:19.126Z,sleeper,Jadarian Price,RB,SEA,rush_yds,40.5,1.77
2026-10-01T14:54:19.126Z,sleeper,Cooper Kupp,WR,SEA,anytime_touchdowns,0.5,3.53
2026-10-01T14:54:19.126Z,sleeper,Cooper Kupp,WR,SEA,longest_reception,14.5,1.77
2026-10-01T14:54:19.126Z,sleeper,Cooper Kupp,WR,SEA,rec_yds,25.5,1.81
2026-10-01T14:54:19.126Z,sleeper,Cooper Kupp,WR,SEA,receptions,2.5,1.94
2026-10-01T14:54:19.126Z,sleeper,Sam Darnold,QB,SEA,interceptions,0.5,2
2026-10-01T14:54:19.126Z,sleeper,Sam Darnold,QB,SEA,longest_passing_completion,35.5,1.82
2026-10-01T14:54:19.126Z,sleeper,Sam Darnold,QB,SEA,pass_completions,20.5,1.7
2026-10-01T14:54:19.126Z,sleeper,Sam Darnold,QB,SEA,pass_att,29.5,1.71
2026-10-01T14:54:19.126Z,sleeper,Sam Darnold,QB,SEA,pass_td,1.5,1.71
2026-10-01T14:54:19.126Z,sleeper,Sam Darnold,QB,SEA,pass_yds,232.5,1.77
2026-10-01T14:54:19.126Z,sleeper,Justin Herbert,QB,LAC,interceptions,0.5,1.67
2026-10-01T14:54:19.126Z,sleeper,Justin Herbert,QB,LAC,longest_passing_completion,32.5,1.8
2026-10-01T14:54:19.126Z,sleeper,Justin Herbert,QB,LAC,pass_completions,18.5,1.73
2026-10-01T14:54:19.126Z,sleeper,Justin Herbert,QB,LAC,pass_rush_yds,222.5,1.79
2026-10-01T14:54:19.126Z,sleeper,Justin Herbert,QB,LAC,pass_att,29.5,1.73
2026-10-01T14:54:19.126Z,sleeper,Justin Herbert,QB,LAC,pass_td,0.5,1.34
2026-10-01T14:54:19.126Z,sleeper,Justin Herbert,QB,LAC,pass_yds,199.5,1.78
2026-10-01T14:54:19.126Z,sleeper,Justin Herbert,QB,LAC,rush_yds,21.5,1.81
2026-10-01T14:54:19.126Z,sleeper,Rashid Shaheed,WR,SEA,anytime_touchdowns,0.5,3.39
2026-10-01T14:54:19.126Z,sleeper,Rashid Shaheed,WR,SEA,longest_reception,13.5,1.78
2026-10-01T14:54:19.126Z,sleeper,Rashid Shaheed,WR,SEA,rec_yds,21.5,1.79
2026-10-01T14:54:19.126Z,sleeper,Rashid Shaheed,WR,SEA,receptions,1.5,1.51
2026-10-01T14:54:19.126Z,sleeper,Jaxon Smith-Njigba,WR,SEA,anytime_touchdowns,0.5,1.73
2026-10-01T14:54:19.126Z,sleeper,Jaxon Smith-Njigba,WR,SEA,longest_reception,26.5,1.81
2026-10-01T14:54:19.126Z,sleeper,Jaxon Smith-Njigba,WR,SEA,rec_yds,91.5,1.77
2026-10-01T14:54:19.126Z,sleeper,Jaxon Smith-Njigba,WR,SEA,receptions,6.5,1.62
2026-10-01T14:54:19.126Z,sleeper,Quentin Johnston,WR,LAC,longest_reception,16.5,1.76
2026-10-01T14:54:19.126Z,sleeper,Quentin Johnston,WR,LAC,rec_yds,35.5,1.8
2026-10-01T14:54:19.126Z,sleeper,Quentin Johnston,WR,LAC,receptions,2.5,1.52
2026-10-01T14:54:19.126Z,sleeper,Bo Nix,QB,DEN,interceptions,0.5,1.59
2026-10-01T14:54:19.126Z,sleeper,Bo Nix,QB,DEN,longest_passing_completion,34.5,1.77
2026-10-01T14:54:19.126Z,sleeper,Bo Nix,QB,DEN,longest_rush,9.5,1.71
2026-10-01T14:54:19.126Z,sleeper,Bo Nix,QB,DEN,pass_completions,21.5,1.73
2026-10-01T14:54:19.126Z,sleeper,Bo Nix,QB,DEN,pass_rush_yds,245.5,1.79
2026-10-01T14:54:19.126Z,sleeper,Bo Nix,QB,DEN,pass_att,34.5,1.74
2026-10-01T14:54:19.126Z,sleeper,Bo Nix,QB,DEN,pass_td,1.5,2.02
2026-10-01T14:54:19.126Z,sleeper,Bo Nix,QB,DEN,pass_yds,221.5,1.79
2026-10-01T14:54:19.126Z,sleeper,Bo Nix,QB,DEN,rush_att,4.5,1.72
2026-10-01T14:54:19.126Z,sleeper,Bo Nix,QB,DEN,rush_yds,18.5,1.81
2026-10-01T14:54:19.126Z,sleeper,RJ Harvey,RB,DEN,anytime_touchdowns,0.5,2.92
2026-10-01T14:54:19.126Z,sleeper,RJ Harvey,RB,DEN,longest_reception,10.5,1.73
2026-10-01T14:54:19.126Z,sleeper,RJ Harvey,RB,DEN,rec_yds,21.5,1.76
2026-10-01T14:54:19.126Z,sleeper,RJ Harvey,RB,DEN,receptions,3.5,1.9
2026-10-01T14:54:19.126Z,sleeper,RJ Harvey,RB,DEN,rush_rec_yds,40.5,1.76
2026-10-01T14:54:19.126Z,sleeper,RJ Harvey,RB,DEN,rush_yds,15.5,1.76
2026-10-01T14:54:19.126Z,sleeper,Pat Bryant,WR,DEN,longest_reception,13.5,1.73
2026-10-01T14:54:19.126Z,sleeper,Pat Bryant,WR,DEN,rec_yds,22.5,1.77
2026-10-01T14:54:19.126Z,sleeper,Pat Bryant,WR,DEN,receptions,2.5,2.04
2026-10-01T14:54:19.126Z,sleeper,Kaelon Black,RB,SF,longest_rush,9.5,1.79
2026-10-01T14:54:19.126Z,sleeper,Kaelon Black,RB,SF,rush_yds,23.5,1.8
2026-10-01T14:54:19.126Z,sleeper,Mike Evans,WR,SF,anytime_touchdowns,0.5,2.5
2026-10-01T14:54:19.126Z,sleeper,Christian McCaffrey,RB,SF,anytime_touchdowns,0.5,1.44
2026-10-01T14:54:19.126Z,sleeper,Christian McCaffrey,RB,SF,longest_reception,15.5,1.71
2026-10-01T14:54:19.126Z,sleeper,Christian McCaffrey,RB,SF,longest_rush,14.5,1.83
2026-10-01T14:54:19.126Z,sleeper,Christian McCaffrey,RB,SF,rec_yds,38.5,1.77
2026-10-01T14:54:19.126Z,sleeper,Christian McCaffrey,RB,SF,receptions,4.5,1.66
2026-10-01T14:54:19.126Z,sleeper,Christian McCaffrey,RB,SF,rush_rec_yds,109.5,1.79
2026-10-01T14:54:19.126Z,sleeper,Christian McCaffrey,RB,SF,rush_att,15.5,1.72
2026-10-01T14:54:19.126Z,sleeper,Christian McCaffrey,RB,SF,rush_yds,65.5,1.78
2026-10-01T14:54:19.126Z,sleeper,Evan Engram,TE,DEN,longest_reception,10.5,1.79
2026-10-01T14:54:19.126Z,sleeper,Evan Engram,TE,DEN,rec_yds,17.5,1.81
2026-10-01T14:54:19.126Z,sleeper,Evan Engram,TE,DEN,receptions,2.5,1.93
2026-10-01T14:54:19.126Z,sleeper,George Kittle,TE,SF,anytime_touchdowns,0.5,2.36
2026-10-01T14:54:19.126Z,sleeper,George Kittle,TE,SF,longest_reception,22.5,1.76
2026-10-01T14:54:19.126Z,sleeper,George Kittle,TE,SF,rec_yds,64.5,1.8
2026-10-01T14:54:19.126Z,sleeper,George Kittle,TE,SF,receptions,4.5,1.56
2026-10-01T14:54:19.126Z,sleeper,Courtland Sutton,WR,DEN,anytime_touchdowns,0.5,2.94
2026-10-01T14:54:19.126Z,sleeper,Courtland Sutton,WR,DEN,longest_reception,17.5,1.74
2026-10-01T14:54:19.126Z,sleeper,Courtland Sutton,WR,DEN,rec_yds,38.5,1.8
2026-10-01T14:54:19.126Z,sleeper,Courtland Sutton,WR,DEN,receptions,3.5,2
2026-10-01T14:54:19.126Z,sleeper,Deebo Samuel,WR,SF,anytime_touchdowns,0.5,2.44
2026-10-01T14:54:19.126Z,sleeper,J.K. Dobbins,RB,DEN,anytime_touchdowns,0.5,2.13
2026-10-01T14:54:19.126Z,sleeper,J.K. Dobbins,RB,DEN,longest_rush,14.5,1.78
2026-10-01T14:54:19.126Z,sleeper,J.K. Dobbins,RB,DEN,rush_att,13.5,1.75
2026-10-01T14:54:19.126Z,sleeper,J.K. Dobbins,RB,DEN,rush_yds,59.5,1.76
2026-10-01T14:54:19.126Z,sleeper,Jaylen Waddle,WR,DEN,anytime_touchdowns,0.5,2.82
2026-10-01T14:54:19.126Z,sleeper,Jaylen Waddle,WR,DEN,longest_reception,21.5,1.79
2026-10-01T14:54:19.126Z,sleeper,Jaylen Waddle,WR,DEN,rec_yds,56.5,1.77
2026-10-01T14:54:19.126Z,sleeper,Jaylen Waddle,WR,DEN,receptions,4.5,1.89
2026-10-01T14:54:19.126Z,sleeper,Brock Purdy,QB,SF,interceptions,0.5,1.77
2026-10-01T14:54:19.126Z,sleeper,Brock Purdy,QB,SF,longest_passing_completion,35.5,1.74
2026-10-01T14:54:19.126Z,sleeper,Brock Purdy,QB,SF,longest_rush,9.5,1.79
2026-10-01T14:54:19.126Z,sleeper,Brock Purdy,QB,SF,pass_completions,20.5,1.79
2026-10-01T14:54:19.126Z,sleeper,Brock Purdy,QB,SF,pass_rush_yds,253.5,1.77
2026-10-01T14:54:19.126Z,sleeper,Brock Purdy,QB,SF,pass_att,30.5,1.72
2026-10-01T14:54:19.126Z,sleeper,Brock Purdy,QB,SF,pass_td,1.5,1.77
2026-10-01T14:54:19.126Z,sleeper,Brock Purdy,QB,SF,pass_yds,231.5,1.78
2026-10-01T14:54:19.126Z,sleeper,Brock Purdy,QB,SF,rush_att,4.5,2.11
2026-10-01T14:54:19.126Z,sleeper,Brock Purdy,QB,SF,rush_yds,16.5,1.75
2026-10-01T14:54:19.126Z,sleeper,MarShawn Lloyd,RB,GB,anytime_touchdowns,0.5,3.16
2026-10-01T14:54:19.126Z,sleeper,MarShawn Lloyd,RB,GB,rec_yds,6.5,1.82
2026-10-01T14:54:19.126Z,sleeper,MarShawn Lloyd,RB,GB,receptions,1.5,2.23
2026-10-01T14:54:19.126Z,sleeper,MarShawn Lloyd,RB,GB,rush_rec_yds,32.5,1.78
2026-10-01T14:54:19.126Z,sleeper,MarShawn Lloyd,RB,GB,rush_yds,23.5,1.82
2026-10-01T14:54:19.126Z,sleeper,Bucky Irving,RB,TB,anytime_touchdowns,0.5,2.51
2026-10-01T14:54:19.126Z,sleeper,Bucky Irving,RB,TB,longest_reception,8.5,1.83
2026-10-01T14:54:19.126Z,sleeper,Bucky Irving,RB,TB,longest_rush,13.5,1.77
2026-10-01T14:54:19.126Z,sleeper,Bucky Irving,RB,TB,rec_yds,13.5,1.8
2026-10-01T14:54:19.126Z,sleeper,Bucky Irving,RB,TB,receptions,2.5,1.81
2026-10-01T14:54:19.126Z,sleeper,Bucky Irving,RB,TB,rush_rec_yds,78.5,1.78
2026-10-01T14:54:19.126Z,sleeper,Bucky Irving,RB,TB,rush_att,15.5,1.9
2026-10-01T14:54:19.126Z,sleeper,Bucky Irving,RB,TB,rush_yds,61.5,1.78
2026-10-01T14:54:19.126Z,sleeper,Matthew Golden,WR,GB,anytime_touchdowns,0.5,2.86
2026-10-01T14:54:19.126Z,sleeper,Matthew Golden,WR,GB,longest_reception,21.5,1.75
2026-10-01T14:54:19.126Z,sleeper,Matthew Golden,WR,GB,rec_yds,57.5,1.77
2026-10-01T14:54:19.126Z,sleeper,Matthew Golden,WR,GB,receptions,4.5,1.8
2026-10-01T14:54:19.126Z,sleeper,Kaleb Johnson,RB,GB,anytime_touchdowns,0.5,2.83
2026-10-01T14:54:19.126Z,sleeper,Kaleb Johnson,RB,GB,rush_att,8.5,1.75
2026-10-01T14:54:19.126Z,sleeper,Kaleb Johnson,RB,GB,rush_yds,30.5,1.76
2026-10-01T14:54:19.126Z,sleeper,Emeka Egbuka,WR,TB,anytime_touchdowns,0.5,3.46
2026-10-01T14:54:19.126Z,sleeper,Emeka Egbuka,WR,TB,longest_reception,17.5,1.84
2026-10-01T14:54:19.126Z,sleeper,Emeka Egbuka,WR,TB,rec_yds,37.5,1.76
2026-10-01T14:54:19.126Z,sleeper,Emeka Egbuka,WR,TB,receptions,3.5,1.91
2026-10-01T14:54:19.126Z,sleeper,Jalon Daniels,QB,TB,interceptions,0.5,1.58
2026-10-01T14:54:19.126Z,sleeper,Jalon Daniels,QB,TB,pass_completions,16.5,1.75
2026-10-01T14:54:19.126Z,sleeper,Jalon Daniels,QB,TB,pass_rush_yds,209.5,1.78
2026-10-01T14:54:19.126Z,sleeper,Jalon Daniels,QB,TB,pass_att,27.5,1.76
2026-10-01T14:54:19.126Z,sleeper,Jalon Daniels,QB,TB,pass_td,0.5,1.46
2026-10-01T14:54:19.126Z,sleeper,Jalon Daniels,QB,TB,pass_yds,170.5,1.78
2026-10-01T14:54:19.126Z,sleeper,Jalon Daniels,QB,TB,rush_att,7.5,1.91
2026-10-01T14:54:19.126Z,sleeper,Jalon Daniels,QB,TB,rush_yds,36.5,1.79
2026-10-01T14:54:19.126Z,sleeper,Chris Godwin,WR,TB,longest_reception,14.5,1.76
2026-10-01T14:54:19.126Z,sleeper,Chris Godwin,WR,TB,rec_yds,26.5,1.76
2026-10-01T14:54:19.126Z,sleeper,Chris Godwin,WR,TB,receptions,2.5,1.69
2026-10-01T14:54:19.126Z,sleeper,Jonnu Smith,TE,GB,rec_yds,7.5,1.76
2026-10-01T14:54:19.126Z,sleeper,Jonnu Smith,TE,GB,receptions,1.5,2.42
2026-10-01T14:54:19.126Z,sleeper,Jordan Love,QB,GB,interceptions,0.5,1.68
2026-10-01T14:54:19.126Z,sleeper,Jordan Love,QB,GB,longest_passing_completion,37.5,1.77
2026-10-01T14:54:19.126Z,sleeper,Jordan Love,QB,GB,pass_completions,20.5,1.77
2026-10-01T14:54:19.126Z,sleeper,Jordan Love,QB,GB,pass_att,35.5,1.85
2026-10-01T14:54:19.126Z,sleeper,Jordan Love,QB,GB,pass_td,1.5,1.97
2026-10-01T14:54:19.126Z,sleeper,Jordan Love,QB,GB,pass_yds,245.5,1.77
2026-10-01T14:54:19.126Z,sleeper,Kenny Gainwell,RB,TB,rush_yds,15.5,1.78
2026-10-01T14:54:19.126Z,sleeper,Cade Otton,TE,TB,longest_reception,13.5,1.77
2026-10-01T14:54:19.126Z,sleeper,Cade Otton,TE,TB,rec_yds,25.5,1.76
2026-10-01T14:54:19.126Z,sleeper,Cade Otton,TE,TB,receptions,2.5,1.5
2026-10-01T14:54:19.126Z,sleeper,Christian Watson,WR,GB,anytime_touchdowns,0.5,2.43
2026-10-01T14:54:19.126Z,sleeper,Christian Watson,WR,GB,longest_reception,24.5,1.75
2026-10-01T14:54:19.126Z,sleeper,Christian Watson,WR,GB,rec_yds,66.5,1.78
2026-10-01T14:54:19.126Z,sleeper,Christian Watson,WR,GB,receptions,4.5,1.6
2026-10-01T14:54:19.126Z,sleeper,Skyy Moore,WR,GB,longest_reception,11.5,1.73
2026-10-01T14:54:19.126Z,sleeper,Skyy Moore,WR,GB,rec_yds,19.5,1.76
2026-10-01T14:54:19.126Z,sleeper,Skyy Moore,WR,GB,receptions,2.5,2.23
2026-10-01T14:54:19.126Z,sleeper,Tucker Kraft,TE,GB,anytime_touchdowns,0.5,3.05
2026-10-01T14:54:19.126Z,sleeper,Tucker Kraft,TE,GB,longest_reception,17.5,1.81
2026-10-01T14:54:19.126Z,sleeper,Tucker Kraft,TE,GB,rec_yds,40.5,1.77
2026-10-01T14:54:19.126Z,sleeper,Tucker Kraft,TE,GB,receptions,3.5,1.59
2026-10-01T14:54:19.126Z,sleeper,Tyler Warren,TE,IND,anytime_touchdowns,0.5,2.43
2026-10-01T14:54:19.126Z,sleeper,Tyler Warren,TE,IND,longest_reception,18.5,1.83
2026-10-01T14:54:19.126Z,sleeper,Tyler Warren,TE,IND,rec_yds,47.5,1.79
2026-10-01T14:54:19.126Z,sleeper,Tyler Warren,TE,IND,receptions,5.5,1.89
2026-10-01T14:54:19.126Z,sleeper,Jacory Croskey-Merritt,RB,WAS,anytime_touchdowns,0.5,2.04
2026-10-01T14:54:19.126Z,sleeper,Jacory Croskey-Merritt,RB,WAS,longest_rush,13.5,1.85
2026-10-01T14:54:19.126Z,sleeper,Jacory Croskey-Merritt,RB,WAS,rush_att,13.5,1.71
2026-10-01T14:54:19.126Z,sleeper,Jacory Croskey-Merritt,RB,WAS,rush_yds,55.5,1.78
2026-10-01T14:54:19.126Z,sleeper,Antonio Williams,WR,WAS,rec_yds,17.5,1.78
2026-10-01T14:54:19.126Z,sleeper,Antonio Williams,WR,WAS,receptions,1.5,1.51
2026-10-01T14:54:19.126Z,sleeper,Keenan Allen,WR,IND,anytime_touchdowns,0.5,3.29
2026-10-01T14:54:19.126Z,sleeper,Keenan Allen,WR,IND,longest_reception,16.5,1.8
2026-10-01T14:54:19.126Z,sleeper,Keenan Allen,WR,IND,rec_yds,34.5,1.8
2026-10-01T14:54:19.126Z,sleeper,Keenan Allen,WR,IND,receptions,3.5,1.7
2026-10-01T14:54:19.126Z,sleeper,Marcus Mariota,QB,WAS,interceptions,0.5,1.69
2026-10-01T14:54:19.126Z,sleeper,Marcus Mariota,QB,WAS,longest_passing_completion,35.5,1.77
2026-10-01T14:54:19.126Z,sleeper,Marcus Mariota,QB,WAS,longest_rush,11.5,1.73
2026-10-01T14:54:19.126Z,sleeper,Marcus Mariota,QB,WAS,pass_completions,18.5,1.7
2026-10-01T14:54:19.126Z,sleeper,Marcus Mariota,QB,WAS,pass_rush_yds,242.5,1.79
2026-10-01T14:54:19.126Z,sleeper,Marcus Mariota,QB,WAS,pass_att,31.5,1.84
2026-10-01T14:54:19.126Z,sleeper,Marcus Mariota,QB,WAS,pass_td,1.5,2.21
2026-10-01T14:54:19.126Z,sleeper,Marcus Mariota,QB,WAS,pass_yds,211.5,1.78
2026-10-01T14:54:19.126Z,sleeper,Marcus Mariota,QB,WAS,rush_att,5.5,1.9
2026-10-01T14:54:19.126Z,sleeper,Marcus Mariota,QB,WAS,rush_yds,26.5,1.75
2026-10-01T14:54:19.126Z,sleeper,Stefon Diggs,WR,WAS,anytime_touchdowns,0.5,3.02
2026-10-01T14:54:19.126Z,sleeper,Stefon Diggs,WR,WAS,longest_reception,18.5,1.76
2026-10-01T14:54:19.126Z,sleeper,Stefon Diggs,WR,WAS,rec_yds,42.5,1.77
2026-10-01T14:54:19.126Z,sleeper,Stefon Diggs,WR,WAS,receptions,4.5,2.04
2026-10-01T14:54:19.126Z,sleeper,Laquon Treadwell,WR,IND,rec_yds,13.5,1.78
2026-10-01T14:54:19.126Z,sleeper,Daniel Jones,QB,IND,interceptions,0.5,1.85
2026-10-01T14:54:19.126Z,sleeper,Daniel Jones,QB,IND,longest_passing_completion,34.5,1.74
2026-10-01T14:54:19.126Z,sleeper,Daniel Jones,QB,IND,longest_rush,8.5,1.83
2026-10-01T14:54:19.126Z,sleeper,Daniel Jones,QB,IND,pass_completions,20.5,1.73
2026-10-01T14:54:19.126Z,sleeper,Daniel Jones,QB,IND,pass_rush_yds,241.5,1.77
2026-10-01T14:54:19.126Z,sleeper,Daniel Jones,QB,IND,pass_att,31.5,1.82
2026-10-01T14:54:19.126Z,sleeper,Daniel Jones,QB,IND,pass_td,1.5,1.88
2026-10-01T14:54:19.126Z,sleeper,Daniel Jones,QB,IND,pass_yds,224.5,1.77
2026-10-01T14:54:19.126Z,sleeper,Daniel Jones,QB,IND,rush_att,3.5,2.01
2026-10-01T14:54:19.126Z,sleeper,Daniel Jones,QB,IND,rush_yds,11.5,1.77
2026-10-01T14:54:19.126Z,sleeper,Terry McLaurin,WR,WAS,anytime_touchdowns,0.5,3
2026-10-01T14:54:19.126Z,sleeper,Terry McLaurin,WR,WAS,longest_reception,21.5,1.74
2026-10-01T14:54:19.126Z,sleeper,Terry McLaurin,WR,WAS,rec_yds,53.5,1.79
2026-10-01T14:54:19.126Z,sleeper,Terry McLaurin,WR,WAS,receptions,4.5,1.97
2026-10-01T14:54:19.126Z,sleeper,Jonathan Taylor,RB,IND,anytime_touchdowns,0.5,1.31
2026-10-01T14:54:19.126Z,sleeper,Jonathan Taylor,RB,IND,first_touchdown,0.5,3.21
2026-10-01T14:54:19.126Z,sleeper,Jonathan Taylor,RB,IND,longest_reception,11.5,1.83
2026-10-01T14:54:19.126Z,sleeper,Jonathan Taylor,RB,IND,longest_rush,18.5,1.82
2026-10-01T14:54:19.126Z,sleeper,Jonathan Taylor,RB,IND,rec_yds,19.5,1.78
2026-10-01T14:54:19.126Z,sleeper,Jonathan Taylor,RB,IND,receptions,2.5,1.68
2026-10-01T14:54:19.126Z,sleeper,Jonathan Taylor,RB,IND,rush_rec_yds,115.5,1.79
2026-10-01T14:54:19.126Z,sleeper,Jonathan Taylor,RB,IND,rush_att,20.5,1.88
2026-10-01T14:54:19.126Z,sleeper,Jonathan Taylor,RB,IND,rush_yds,90.5,1.78
2026-10-01T14:54:19.126Z,sleeper,Rachaad White,RB,WAS,anytime_touchdowns,0.5,3.52
2026-10-01T14:54:19.126Z,sleeper,Josh Downs,WR,IND,anytime_touchdowns,0.5,2.63
2026-10-01T14:54:19.126Z,sleeper,Josh Downs,WR,IND,longest_reception,22.5,1.83
2026-10-01T14:54:19.126Z,sleeper,Josh Downs,WR,IND,rec_yds,63.5,1.79
2026-10-01T14:54:19.126Z,sleeper,Josh Downs,WR,IND,receptions,5.5,2.06
2026-10-01T14:54:19.126Z,sleeper,Michael Penix,QB,ATL,interceptions,0.5,1.8
2026-10-01T14:54:19.126Z,sleeper,Michael Penix,QB,ATL,longest_passing_completion,33.5,1.75
2026-10-01T14:54:19.126Z,sleeper,Michael Penix,QB,ATL,pass_completions,20.5,1.8
2026-10-01T14:54:19.126Z,sleeper,Michael Penix,QB,ATL,pass_att,30.5,1.76
2026-10-01T14:54:19.126Z,sleeper,Michael Penix,QB,ATL,pass_td,1.5,2.13
2026-10-01T14:54:19.126Z,sleeper,Michael Penix,QB,ATL,pass_yds,223.5,1.78
2026-10-01T14:54:19.126Z,sleeper,Devaughn Vele,WR,NO,anytime_touchdowns,0.5,2.89
2026-10-01T14:54:19.126Z,sleeper,Devaughn Vele,WR,NO,longest_reception,18.5,1.74
2026-10-01T14:54:19.126Z,sleeper,Devaughn Vele,WR,NO,rec_yds,45.5,1.78
2026-10-01T14:54:19.126Z,sleeper,Devaughn Vele,WR,NO,receptions,4.5,2.07
2026-10-01T14:54:19.126Z,sleeper,Tyler Shough,QB,NO,anytime_touchdowns,0.5,3.36
2026-10-01T14:54:19.126Z,sleeper,Tyler Shough,QB,NO,interceptions,0.5,1.93
2026-10-01T14:54:19.126Z,sleeper,Tyler Shough,QB,NO,longest_passing_completion,36.5,1.8
2026-10-01T14:54:19.126Z,sleeper,Tyler Shough,QB,NO,pass_completions,23.5,1.8
2026-10-01T14:54:19.126Z,sleeper,Tyler Shough,QB,NO,pass_rush_yds,279.5,1.79
2026-10-01T14:54:19.126Z,sleeper,Tyler Shough,QB,NO,pass_att,34.5,1.84
2026-10-01T14:54:19.126Z,sleeper,Tyler Shough,QB,NO,pass_td,1.5,1.57
2026-10-01T14:54:19.126Z,sleeper,Tyler Shough,QB,NO,pass_yds,254.5,1.77
2026-10-01T14:54:19.126Z,sleeper,Tyler Shough,QB,NO,rush_yds,16.5,1.77
2026-10-01T14:54:19.126Z,sleeper,Austin Hooper,TE,ATL,rec_yds,11.5,1.82
2026-10-01T14:54:19.126Z,sleeper,Austin Hooper,TE,ATL,receptions,1.5,2.2
2026-10-01T14:54:19.126Z,sleeper,Alvin Kamara,RB,NO,anytime_touchdowns,0.5,2.06
2026-10-01T14:54:19.126Z,sleeper,Alvin Kamara,RB,NO,longest_rush,11.5,1.84
2026-10-01T14:54:19.126Z,sleeper,Alvin Kamara,RB,NO,rec_yds,16.5,1.76
2026-10-01T14:54:19.126Z,sleeper,Alvin Kamara,RB,NO,receptions,3.5,2.06
2026-10-01T14:54:19.126Z,sleeper,Alvin Kamara,RB,NO,rush_rec_yds,58.5,1.77
2026-10-01T14:54:19.126Z,sleeper,Alvin Kamara,RB,NO,rush_att,11.5,1.87
2026-10-01T14:54:19.126Z,sleeper,Alvin Kamara,RB,NO,rush_yds,38.5,1.8
2026-10-01T14:54:19.126Z,sleeper,Noah Fant,TE,NO,longest_reception,11.5,1.76
2026-10-01T14:54:19.126Z,sleeper,Noah Fant,TE,NO,rec_yds,17.5,1.78
2026-10-01T14:54:19.126Z,sleeper,Noah Fant,TE,NO,receptions,1.5,1.52
2026-10-01T14:54:19.126Z,sleeper,Olamide Zaccheaus,WR,ATL,rec_yds,7.5,1.78
2026-10-01T14:54:19.126Z,sleeper,Juwan Johnson,TE,NO,anytime_touchdowns,0.5,2.9
2026-10-01T14:54:19.126Z,sleeper,Juwan Johnson,TE,NO,longest_reception,16.5,1.72
2026-10-01T14:54:19.126Z,sleeper,Juwan Johnson,TE,NO,rec_yds,40.5,1.8
2026-10-01T14:54:19.126Z,sleeper,Juwan Johnson,TE,NO,receptions,3.5,1.83
2026-10-01T14:54:19.126Z,sleeper,Kyle Pitts,TE,ATL,longest_reception,14.5,1.81
2026-10-01T14:54:19.126Z,sleeper,Kyle Pitts,TE,ATL,rec_yds,28.5,1.81
2026-10-01T14:54:19.126Z,sleeper,Kyle Pitts,TE,ATL,receptions,2.5,1.65
2026-10-01T14:54:19.126Z,sleeper,Drake London,WR,ATL,anytime_touchdowns,0.5,2.31
2026-10-01T14:54:19.126Z,sleeper,Drake London,WR,ATL,longest_reception,24.5,1.83
2026-10-01T14:54:19.126Z,sleeper,Drake London,WR,ATL,rec_yds,77.5,1.78
2026-10-01T14:54:19.126Z,sleeper,Drake London,WR,ATL,receptions,5.5,1.67
2026-10-01T14:54:19.126Z,sleeper,Jahan Dotson,WR,ATL,rec_yds,18.5,1.81
2026-10-01T14:54:19.126Z,sleeper,Jahan Dotson,WR,ATL,receptions,1.5,1.68
2026-10-01T14:54:19.126Z,sleeper,Chris Olave,WR,NO,anytime_touchdowns,0.5,2.08
2026-10-01T14:54:19.126Z,sleeper,Chris Olave,WR,NO,longest_reception,26.5,1.79
2026-10-01T14:54:19.126Z,sleeper,Chris Olave,WR,NO,rec_yds,85.5,1.78
2026-10-01T14:54:19.126Z,sleeper,Chris Olave,WR,NO,receptions,6.5,1.61
2026-10-01T14:54:19.126Z,sleeper,Brian Robinson,RB,ATL,anytime_touchdowns,0.5,3.48
2026-10-01T14:54:19.126Z,sleeper,Brian Robinson,RB,ATL,rush_yds,30.5,1.78
2026-10-01T14:54:19.126Z,sleeper,Bijan Robinson,RB,ATL,anytime_touchdowns,0.5,1.41
2026-10-01T14:54:19.126Z,sleeper,Bijan Robinson,RB,ATL,longest_reception,15.5,1.83
2026-10-01T14:54:19.126Z,sleeper,Bijan Robinson,RB,ATL,longest_rush,16.5,1.73
2026-10-01T14:54:19.126Z,sleeper,Bijan Robinson,RB,ATL,rec_yds,38.5,1.76
2026-10-01T14:54:19.126Z,sleeper,Bijan Robinson,RB,ATL,receptions,4.5,1.81
2026-10-01T14:54:19.126Z,sleeper,Bijan Robinson,RB,ATL,rush_rec_yds,131.5,1.77
2026-10-01T14:54:19.126Z,sleeper,Bijan Robinson,RB,ATL,rush_att,19.5,1.78
2026-10-01T14:54:19.126Z,sleeper,Bijan Robinson,RB,ATL,rush_yds,86.5,1.78
2026-10-01T14:54:19.126Z,sleeper,Kendre Miller,RB,NO,anytime_touchdowns,0.5,3.53
2026-10-01T14:54:19.126Z,sleeper,Kendre Miller,RB,NO,rush_yds,24.5,1.81
2026-10-01T15:03:10.048Z,sleeper,Blake Whiteheart,TE,CLE,receptions,0.5,1.71
2026-10-01T15:03:10.048Z,sleeper,Roman Wilson,WR,PIT,longest_reception,11.5,1.73
2026-10-01T15:03:10.048Z,sleeper,Roman Wilson,WR,PIT,rec_yds,20.5,1.8
2026-10-01T15:03:10.048Z,sleeper,Roman Wilson,WR,PIT,receptions,2.5,2.16
2026-10-01T15:03:10.048Z,sleeper,Raheim Sanders,RB,CLE,longest_reception,8.5,1.83
2026-10-01T15:03:10.048Z,sleeper,Raheim Sanders,RB,CLE,rec_yds,11.5,1.74
2026-10-01T15:03:10.048Z,sleeper,Raheim Sanders,RB,CLE,receptions,1.5,1.52
2026-10-01T15:03:10.048Z,sleeper,Raheim Sanders,RB,CLE,rush_rec_yds,20.5,1.76
2026-10-01T15:03:10.048Z,sleeper,Harold Fannin,TE,CLE,anytime_touchdowns,0.5,3.12
2026-10-01T15:03:10.048Z,sleeper,Harold Fannin,TE,CLE,longest_reception,16.5,1.83
2026-10-01T15:03:10.048Z,sleeper,Harold Fannin,TE,CLE,rec_yds,40.5,1.78
2026-10-01T15:03:10.048Z,sleeper,Harold Fannin,TE,CLE,receptions,4.5,1.83
2026-10-01T15:03:10.048Z,sleeper,Quinshon Judkins,RB,CLE,anytime_touchdowns,0.5,2.11
2026-10-01T15:03:10.048Z,sleeper,Quinshon Judkins,RB,CLE,longest_reception,8.5,1.76
2026-10-01T15:03:10.048Z,sleeper,Quinshon Judkins,RB,CLE,longest_rush,12.5,1.7
2026-10-01T15:03:10.048Z,sleeper,Quinshon Judkins,RB,CLE,rec_yds,12.5,1.78
2026-10-01T15:03:10.048Z,sleeper,Quinshon Judkins,RB,CLE,receptions,2.5,2.3
2026-10-01T15:03:10.048Z,sleeper,Quinshon Judkins,RB,CLE,rush_rec_yds,72.5,1.79
2026-10-01T15:03:10.048Z,sleeper,Quinshon Judkins,RB,CLE,rush_att,16.5,1.8
2026-10-01T15:03:10.048Z,sleeper,Quinshon Judkins,RB,CLE,rush_yds,55.5,1.78
2026-10-01T15:03:10.048Z,sleeper,Germie Bernard,WR,PIT,longest_reception,8.5,1.79
2026-10-01T15:03:10.048Z,sleeper,Germie Bernard,WR,PIT,rec_yds,10.5,1.82
2026-10-01T15:03:10.048Z,sleeper,Germie Bernard,WR,PIT,receptions,1.5,2.25
2026-10-01T15:03:10.048Z,sleeper,KC Concepcion,WR,CLE,anytime_touchdowns,0.5,3.46
2026-10-01T15:03:10.048Z,sleeper,KC Concepcion,WR,CLE,longest_reception,14.5,1.75
2026-10-01T15:03:10.048Z,sleeper,KC Concepcion,WR,CLE,rec_yds,35.5,1.8
2026-10-01T15:03:10.048Z,sleeper,KC Concepcion,WR,CLE,receptions,3.5,1.55
2026-10-01T15:03:10.048Z,sleeper,Denzel Boston,WR,CLE,anytime_touchdowns,0.5,3.39
2026-10-01T15:03:10.048Z,sleeper,Denzel Boston,WR,CLE,longest_reception,19.5,1.77
2026-10-01T15:03:10.048Z,sleeper,Denzel Boston,WR,CLE,rec_yds,38.5,1.79
2026-10-01T15:03:10.048Z,sleeper,Denzel Boston,WR,CLE,receptions,2.5,1.56
2026-10-01T15:03:10.048Z,sleeper,Deshaun Watson,QB,CLE,interceptions,0.5,1.68
2026-10-01T15:03:10.048Z,sleeper,Deshaun Watson,QB,CLE,longest_passing_completion,30.5,1.75
2026-10-01T15:03:10.048Z,sleeper,Deshaun Watson,QB,CLE,longest_rush,12.5,1.88
2026-10-01T15:03:10.048Z,sleeper,Deshaun Watson,QB,CLE,pass_completions,18.5,1.82
2026-10-01T15:03:10.048Z,sleeper,Deshaun Watson,QB,CLE,pass_rush_yds,219.5,1.77
2026-10-01T15:03:10.048Z,sleeper,Deshaun Watson,QB,CLE,pass_att,29.5,1.84
2026-10-01T15:03:10.048Z,sleeper,Deshaun Watson,QB,CLE,pass_td,0.5,1.35
2026-10-01T15:03:10.048Z,sleeper,Deshaun Watson,QB,CLE,pass_yds,187.5,1.78
2026-10-01T15:03:10.048Z,sleeper,Deshaun Watson,QB,CLE,rush_att,6.5,1.85
2026-10-01T15:03:10.048Z,sleeper,Deshaun Watson,QB,CLE,rush_yds,29.5,1.79
2026-10-01T15:03:10.048Z,sleeper,DK Metcalf,WR,PIT,anytime_touchdowns,0.5,2.84
2026-10-01T15:03:10.048Z,sleeper,DK Metcalf,WR,PIT,longest_reception,19.5,1.8
2026-10-01T15:03:10.048Z,sleeper,DK Metcalf,WR,PIT,rec_yds,44.5,1.78
2026-10-01T15:03:10.048Z,sleeper,DK Metcalf,WR,PIT,receptions,3.5,1.62
2026-10-01T15:03:10.048Z,sleeper,Travis Homer,RB,PIT,rush_yds,7.5,1.84
2026-10-01T15:03:10.048Z,sleeper,Jerry Jeudy,WR,CLE,longest_reception,10.5,1.74
2026-10-01T15:03:10.048Z,sleeper,Jerry Jeudy,WR,CLE,rec_yds,13.5,1.78
2026-10-01T15:03:10.048Z,sleeper,Jerry Jeudy,WR,CLE,receptions,1.5,2.08
2026-10-01T15:03:10.048Z,sleeper,Michael Pittman,WR,PIT,longest_reception,16.5,1.8
2026-10-01T15:03:10.048Z,sleeper,Michael Pittman,WR,PIT,rec_yds,34.5,1.8
2026-10-01T15:03:10.048Z,sleeper,Michael Pittman,WR,PIT,receptions,3.5,1.94
2026-10-01T15:03:10.048Z,sleeper,Pat Freiermuth,TE,PIT,longest_reception,14.5,1.75
2026-10-01T15:03:10.048Z,sleeper,Pat Freiermuth,TE,PIT,rec_yds,28.5,1.81
2026-10-01T15:03:10.048Z,sleeper,Pat Freiermuth,TE,PIT,receptions,3.5,2.03
2026-10-01T15:03:10.048Z,sleeper,Jaylen Warren,RB,PIT,anytime_touchdowns,0.5,1.84
2026-10-01T15:03:10.048Z,sleeper,Jaylen Warren,RB,PIT,longest_reception,11.5,1.72
2026-10-01T15:03:10.048Z,sleeper,Jaylen Warren,RB,PIT,longest_rush,15.5,1.81
2026-10-01T15:03:10.048Z,sleeper,Jaylen Warren,RB,PIT,rec_yds,25.5,1.75
2026-10-01T15:03:10.048Z,sleeper,Jaylen Warren,RB,PIT,receptions,3.5,1.87
2026-10-01T15:03:10.048Z,sleeper,Jaylen Warren,RB,PIT,rush_rec_yds,104.5,1.76
2026-10-01T15:03:10.048Z,sleeper,Jaylen Warren,RB,PIT,rush_att,17.5,1.88
2026-10-01T15:03:10.048Z,sleeper,Jaylen Warren,RB,PIT,rush_yds,73.5,1.77
2026-10-01T15:03:10.048Z,sleeper,Darnell Washington,TE,PIT,longest_reception,11.5,1.79
2026-10-01T15:03:10.048Z,sleeper,Darnell Washington,TE,PIT,rec_yds,17.5,1.75
2026-10-01T15:03:10.048Z,sleeper,Darnell Washington,TE,PIT,receptions,2.5,2.12
2026-10-01T15:03:10.048Z,sleeper,Aaron Rodgers,QB,PIT,interceptions,0.5,1.88
2026-10-01T15:03:10.048Z,sleeper,Aaron Rodgers,QB,PIT,longest_passing_completion,33.5,1.75
2026-10-01T15:03:10.048Z,sleeper,Aaron Rodgers,QB,PIT,pass_completions,20.5,1.77
2026-10-01T15:03:10.048Z,sleeper,Aaron Rodgers,QB,PIT,pass_att,34.5,1.84
2026-10-01T15:03:10.048Z,sleeper,Aaron Rodgers,QB,PIT,pass_td,1.5,2.25
2026-10-01T15:03:10.048Z,sleeper,Aaron Rodgers,QB,PIT,pass_yds,214.5,1.77
2026-10-01T15:03:10.048Z,sleeper,Elic Ayomanor,WR,TEN,longest_reception,13.5,1.79
2026-10-01T15:03:10.048Z,sleeper,Elic Ayomanor,WR,TEN,rec_yds,20.5,1.79
2026-10-01T15:03:10.048Z,sleeper,Elic Ayomanor,WR,TEN,receptions,1.5,1.59
2026-10-01T15:03:10.048Z,sleeper,Gunnar Helm,TE,TEN,longest_reception,10.5,1.8
2026-10-01T15:03:10.048Z,sleeper,Gunnar Helm,TE,TEN,rec_yds,18.5,1.79
2026-10-01T15:03:10.048Z,sleeper,Gunnar Helm,TE,TEN,receptions,2.5,1.6
2026-10-01T15:03:10.048Z,sleeper,Cam Ward,QB,TEN,interceptions,0.5,1.77
2026-10-01T15:03:10.048Z,sleeper,Cam Ward,QB,TEN,longest_passing_completion,31.5,1.81
2026-10-01T15:03:10.048Z,sleeper,Cam Ward,QB,TEN,pass_completions,19.5,1.85
2026-10-01T15:03:10.048Z,sleeper,Cam Ward,QB,TEN,pass_rush_yds,198.5,1.77
2026-10-01T15:03:10.048Z,sleeper,Cam Ward,QB,TEN,pass_att,33.5,1.75
2026-10-01T15:03:10.048Z,sleeper,Cam Ward,QB,TEN,pass_td,0.5,1.48
2026-10-01T15:03:10.048Z,sleeper,Cam Ward,QB,TEN,pass_yds,186.5,1.77
2026-10-01T15:03:10.048Z,sleeper,Cam Ward,QB,TEN,rush_yds,9.5,1.73
2026-10-01T15:03:10.048Z,sleeper,Carnell Tate,WR,TEN,longest_reception,16.5,1.77
2026-10-01T15:03:10.048Z,sleeper,Carnell Tate,WR,TEN,rec_yds,41.5,1.77
2026-10-01T15:03:10.048Z,sleeper,Carnell Tate,WR,TEN,receptions,4.5,1.92
2026-10-01T15:03:10.048Z,sleeper,Derrick Henry,RB,BAL,anytime_touchdowns,0.5,1.37
2026-10-01T15:03:10.048Z,sleeper,Derrick Henry,RB,BAL,first_touchdown,0.5,3.32
2026-10-01T15:03:10.048Z,sleeper,Derrick Henry,RB,BAL,longest_rush,18.5,1.74
2026-10-01T15:03:10.048Z,sleeper,Derrick Henry,RB,BAL,rec_yds,7.5,1.78
2026-10-01T15:03:10.048Z,sleeper,Derrick Henry,RB,BAL,rush_rec_yds,108.5,1.78
2026-10-01T15:03:10.048Z,sleeper,Derrick Henry,RB,BAL,rush_att,19.5,1.73
2026-10-01T15:03:10.048Z,sleeper,Derrick Henry,RB,BAL,rush_yds,96.5,1.78
2026-10-01T15:03:10.048Z,sleeper,Lamar Jackson,QB,BAL,anytime_touchdowns,0.5,2.79
2026-10-01T15:03:10.048Z,sleeper,Lamar Jackson,QB,BAL,interceptions,0.5,1.97
2026-10-01T15:03:10.048Z,sleeper,Lamar Jackson,QB,BAL,longest_passing_completion,38.5,1.76
2026-10-01T15:03:10.048Z,sleeper,Lamar Jackson,QB,BAL,longest_rush,13.5,1.83
2026-10-01T15:03:10.048Z,sleeper,Lamar Jackson,QB,BAL,pass_completions,18.5,1.79
2026-10-01T15:03:10.048Z,sleeper,Lamar Jackson,QB,BAL,pass_rush_yds,254.5,1.77
2026-10-01T15:03:10.048Z,sleeper,Lamar Jackson,QB,BAL,pass_att,27.5,1.76
2026-10-01T15:03:10.048Z,sleeper,Lamar Jackson,QB,BAL,pass_td,1.5,1.67
2026-10-01T15:03:10.048Z,sleeper,Lamar Jackson,QB,BAL,pass_yds,223.5,1.78
2026-10-01T15:03:10.048Z,sleeper,Lamar Jackson,QB,BAL,rush_yds,31.5,1.76
2026-10-01T15:03:10.048Z,sleeper,Calvin Ridley,WR,TEN,rec_yds,7.5,1.81
2026-10-01T15:03:10.048Z,sleeper,Calvin Ridley,WR,TEN,receptions,1.5,2.46
2026-10-01T15:03:10.048Z,sleeper,Mark Andrews,TE,BAL,anytime_touchdowns,0.5,2.4
2026-10-01T15:03:10.048Z,sleeper,Mark Andrews,TE,BAL,longest_reception,16.5,1.84
2026-10-01T15:03:10.048Z,sleeper,Mark Andrews,TE,BAL,rec_yds,38.5,1.78
2026-10-01T15:03:10.048Z,sleeper,Mark Andrews,TE,BAL,receptions,3.5,1.55
2026-10-01T15:03:10.048Z,sleeper,Tony Pollard,RB,TEN,anytime_touchdowns,0.5,2.69
2026-10-01T15:03:10.048Z,sleeper,Tony Pollard,RB,TEN,longest_rush,11.5,1.69
2026-10-01T15:03:10.048Z,sleeper,Tony Pollard,RB,TEN,rec_yds,9.5,1.8
2026-10-01T15:03:10.048Z,sleeper,Tony Pollard,RB,TEN,rush_rec_yds,60.5,1.77
2026-10-01T15:03:10.048Z,sleeper,Tony Pollard,RB,TEN,rush_att,13.5,1.94
2026-10-01T15:03:10.048Z,sleeper,Tony Pollard,RB,TEN,rush_yds,47.5,1.8
2026-10-01T15:03:10.048Z,sleeper,Rashod Bateman,WR,BAL,anytime_touchdowns,0.5,3.17
2026-10-01T15:03:10.048Z,sleeper,Rashod Bateman,WR,BAL,longest_reception,17.5,1.74
2026-10-01T15:03:10.048Z,sleeper,Rashod Bateman,WR,BAL,rec_yds,33.5,1.79
2026-10-01T15:03:10.048Z,sleeper,Rashod Bateman,WR,BAL,receptions,2.5,1.63
2026-10-01T15:03:10.048Z,sleeper,Wan'Dale Robinson,WR,TEN,longest_reception,15.5,1.73
2026-10-01T15:03:10.048Z,sleeper,Wan'Dale Robinson,WR,TEN,rec_yds,37.5,1.77
2026-10-01T15:03:10.048Z,sleeper,Wan'Dale Robinson,WR,TEN,receptions,3.5,1.57
2026-10-01T15:03:10.048Z,sleeper,Tyjae Spears,RB,TEN,rush_yds,15.5,1.8
2026-10-01T15:03:10.048Z,sleeper,Zay Flowers,WR,BAL,anytime_touchdowns,0.5,2.23
2026-10-01T15:03:10.048Z,sleeper,Zay Flowers,WR,BAL,longest_reception,24.5,1.75
2026-10-01T15:03:10.048Z,sleeper,Zay Flowers,WR,BAL,rec_yds,68.5,1.79
2026-10-01T15:03:10.048Z,sleeper,Zay Flowers,WR,BAL,receptions,5.5,2.08
2026-10-01T15:03:10.048Z,sleeper,Dalton Kincaid,TE,BUF,anytime_touchdowns,0.5,2.41
2026-10-01T15:03:10.048Z,sleeper,Dalton Kincaid,TE,BUF,longest_reception,20.5,1.77
2026-10-01T15:03:10.048Z,sleeper,Dalton Kincaid,TE,BUF,rec_yds,51.5,1.77
2026-10-01T15:03:10.048Z,sleeper,Dalton Kincaid,TE,BUF,receptions,4.5,1.8
2026-10-01T15:03:10.048Z,sleeper,Drake Maye,QB,NE,interceptions,0.5,1.6
2026-10-01T15:03:10.048Z,sleeper,Drake Maye,QB,NE,longest_passing_completion,36.5,1.8
2026-10-01T15:03:10.048Z,sleeper,Drake Maye,QB,NE,longest_rush,12.5,1.73
2026-10-01T15:03:10.048Z,sleeper,Drake Maye,QB,NE,pass_completions,19.5,1.7
2026-10-01T15:03:10.048Z,sleeper,Drake Maye,QB,NE,pass_rush_yds,259.5,1.78
2026-10-01T15:03:10.048Z,sleeper,Drake Maye,QB,NE,pass_att,30.5,1.72
2026-10-01T15:03:10.048Z,sleeper,Drake Maye,QB,NE,pass_td,1.5,2.19
2026-10-01T15:03:10.048Z,sleeper,Drake Maye,QB,NE,pass_yds,230.5,1.78
2026-10-01T15:03:10.048Z,sleeper,Drake Maye,QB,NE,rush_att,5.5,1.78
2026-10-01T15:03:10.048Z,sleeper,Drake Maye,QB,NE,rush_yds,26.5,1.78
2026-10-01T15:03:10.048Z,sleeper,Keon Coleman,WR,BUF,longest_reception,11.5,1.83
2026-10-01T15:03:10.048Z,sleeper,Keon Coleman,WR,BUF,rec_yds,12.5,1.76
2026-10-01T15:03:10.048Z,sleeper,Keon Coleman,WR,BUF,receptions,1.5,1.87
2026-10-01T15:03:10.048Z,sleeper,TreVeyon Henderson,RB,NE,anytime_touchdowns,0.5,2.69
2026-10-01T15:03:10.048Z,sleeper,TreVeyon Henderson,RB,NE,longest_rush,11.5,1.73
2026-10-01T15:03:10.048Z,sleeper,TreVeyon Henderson,RB,NE,rec_yds,7.5,1.78
2026-10-01T15:03:10.048Z,sleeper,TreVeyon Henderson,RB,NE,receptions,1.5,2.16
2026-10-01T15:03:10.048Z,sleeper,TreVeyon Henderson,RB,NE,rush_rec_yds,51.5,1.76
2026-10-01T15:03:10.048Z,sleeper,TreVeyon Henderson,RB,NE,rush_att,10.5,1.87
2026-10-01T15:03:10.048Z,sleeper,TreVeyon Henderson,RB,NE,rush_yds,40.5,1.78
2026-10-01T15:03:10.048Z,sleeper,Hunter Henry,TE,NE,anytime_touchdowns,0.5,3.2
2026-10-01T15:03:10.048Z,sleeper,Hunter Henry,TE,NE,longest_reception,15.5,1.79
2026-10-01T15:03:10.048Z,sleeper,Hunter Henry,TE,NE,rec_yds,31.5,1.8
2026-10-01T15:03:10.048Z,sleeper,Hunter Henry,TE,NE,receptions,3.5,1.84
2026-10-01T15:03:10.048Z,sleeper,Mack Hollins,WR,NE,anytime_touchdowns,0.5,3.36
2026-10-01T15:03:10.048Z,sleeper,Mack Hollins,WR,NE,longest_reception,19.5,1.74
2026-10-01T15:03:10.048Z,sleeper,Mack Hollins,WR,NE,rec_yds,43.5,1.78
2026-10-01T15:03:10.048Z,sleeper,Mack Hollins,WR,NE,receptions,3.5,1.73
2026-10-01T15:03:10.048Z,sleeper,DJ Moore,WR,BUF,anytime_touchdowns,0.5,2.37
2026-10-01T15:03:10.048Z,sleeper,DJ Moore,WR,BUF,longest_reception,20.5,1.75
2026-10-01T15:03:10.048Z,sleeper,DJ Moore,WR,BUF,rec_yds,48.5,1.78
2026-10-01T15:03:10.048Z,sleeper,DJ Moore,WR,BUF,receptions,3.5,1.61
2026-10-01T15:03:10.048Z,sleeper,Josh Allen,QB,BUF,anytime_touchdowns,0.5,1.72
2026-10-01T15:03:10.048Z,sleeper,Josh Allen,QB,BUF,interceptions,0.5,1.96
2026-10-01T15:03:10.048Z,sleeper,Josh Allen,QB,BUF,longest_passing_completion,37.5,1.81
2026-10-01T15:03:10.048Z,sleeper,Josh Allen,QB,BUF,pass_completions,19.5,1.68
2026-10-01T15:03:10.048Z,sleeper,Josh Allen,QB,BUF,pass_rush_yds,277.5,1.78
2026-10-01T15:03:10.048Z,sleeper,Josh Allen,QB,BUF,pass_att,29.5,1.8
2026-10-01T15:03:10.048Z,sleeper,Josh Allen,QB,BUF,pass_td,1.5,1.56
2026-10-01T15:03:10.048Z,sleeper,Josh Allen,QB,BUF,pass_yds,240.5,1.78
2026-10-01T15:03:10.048Z,sleeper,Josh Allen,QB,BUF,rush_att,8.5,1.87
2026-10-01T15:03:10.048Z,sleeper,Josh Allen,QB,BUF,rush_yds,31.5,1.77
2026-10-01T15:03:10.048Z,sleeper,Ty Johnson,RB,BUF,longest_reception,9.5,1.82
2026-10-01T15:03:10.048Z,sleeper,Ty Johnson,RB,BUF,rec_yds,12.5,1.75
2026-10-01T15:03:10.048Z,sleeper,Ty Johnson,RB,BUF,receptions,1.5,1.61
2026-10-01T15:03:10.048Z,sleeper,Rhamondre Stevenson,RB,NE,anytime_touchdowns,0.5,2.36
2026-10-01T15:03:10.048Z,sleeper,Rhamondre Stevenson,RB,NE,longest_reception,9.5,1.74
2026-10-01T15:03:10.048Z,sleeper,Rhamondre Stevenson,RB,NE,longest_rush,10.5,1.72
2026-10-01T15:03:10.048Z,sleeper,Rhamondre Stevenson,RB,NE,rec_yds,18.5,1.8
2026-10-01T15:03:10.048Z,sleeper,Rhamondre Stevenson,RB,NE,receptions,2.5,1.65
2026-10-01T15:03:10.048Z,sleeper,Rhamondre Stevenson,RB,NE,rush_rec_yds,54.5,1.8
2026-10-01T15:03:10.048Z,sleeper,Rhamondre Stevenson,RB,NE,rush_att,8.5,1.77
2026-10-01T15:03:10.048Z,sleeper,Rhamondre Stevenson,RB,NE,rush_yds,31.5,1.76
2026-10-01T15:03:10.048Z,sleeper,Romeo Doubs,WR,NE,anytime_touchdowns,0.5,3.23
2026-10-01T15:03:10.048Z,sleeper,Romeo Doubs,WR,NE,longest_reception,19.5,1.75
2026-10-01T15:03:10.048Z,sleeper,Romeo Doubs,WR,NE,rec_yds,39.5,1.76
2026-10-01T15:03:10.048Z,sleeper,Romeo Doubs,WR,NE,receptions,3.5,2.01
2026-10-01T15:03:10.048Z,sleeper,Khalil Shakir,WR,BUF,anytime_touchdowns,0.5,3
2026-10-01T15:03:10.048Z,sleeper,Khalil Shakir,WR,BUF,longest_reception,17.5,1.77
2026-10-01T15:03:10.048Z,sleeper,Khalil Shakir,WR,BUF,rec_yds,38.5,1.79
2026-10-01T15:03:10.048Z,sleeper,Khalil Shakir,WR,BUF,receptions,3.5,1.6
2026-10-01T15:03:10.048Z,sleeper,James Cook,RB,BUF,anytime_touchdowns,0.5,1.7
2026-10-01T15:03:10.048Z,sleeper,James Cook,RB,BUF,longest_reception,8.5,1.9
2026-10-01T15:03:10.048Z,sleeper,James Cook,RB,BUF,longest_rush,17.5,1.8
2026-10-01T15:03:10.048Z,sleeper,James Cook,RB,BUF,rec_yds,7.5,1.8
2026-10-01T15:03:10.048Z,sleeper,James Cook,RB,BUF,receptions,1.5,1.83
2026-10-01T15:03:10.048Z,sleeper,James Cook,RB,BUF,rush_rec_yds,99.5,1.79
2026-10-01T15:03:10.048Z,sleeper,James Cook,RB,BUF,rush_att,17.5,1.68
2026-10-01T15:03:10.048Z,sleeper,James Cook,RB,BUF,rush_yds,86.5,1.77
2026-10-01T15:03:10.048Z,sleeper,DeMario Douglas,WR,NE,longest_reception,14.5,1.74
2026-10-01T15:03:10.048Z,sleeper,DeMario Douglas,WR,NE,rec_yds,27.5,1.8
2026-10-01T15:03:10.048Z,sleeper,DeMario Douglas,WR,NE,receptions,2.5,1.67
2026-10-01T15:03:10.048Z,sleeper,Sam LaPorta,TE,DET,anytime_touchdowns,0.5,2.65
2026-10-01T15:03:10.048Z,sleeper,Sam LaPorta,TE,DET,longest_reception,19.5,1.84
2026-10-01T15:03:10.048Z,sleeper,Sam LaPorta,TE,DET,rec_yds,48.5,1.78
2026-10-01T15:03:10.048Z,sleeper,Sam LaPorta,TE,DET,receptions,4.5,1.84
2026-10-01T15:03:10.048Z,sleeper,Jalen Coker,WR,CAR,anytime_touchdowns,0.5,2.69
2026-10-01T15:03:10.048Z,sleeper,Sione Vaki,RB,DET,rush_yds,9.5,1.78
2026-10-01T15:03:10.048Z,sleeper,Tetairoa McMillan,WR,CAR,anytime_touchdowns,0.5,2.33
2026-10-01T15:03:10.048Z,sleeper,Tetairoa McMillan,WR,CAR,longest_reception,24.5,1.81
2026-10-01T15:03:10.048Z,sleeper,Tetairoa McMillan,WR,CAR,rec_yds,70.5,1.79
2026-10-01T15:03:10.048Z,sleeper,Tetairoa McMillan,WR,CAR,receptions,4.5,1.59
2026-10-01T15:03:10.048Z,sleeper,Isaac TeSlaa,WR,DET,longest_reception,13.5,1.82
2026-10-01T15:03:10.048Z,sleeper,Isaac TeSlaa,WR,DET,rec_yds,17.5,1.79
2026-10-01T15:03:10.048Z,sleeper,Isaac TeSlaa,WR,DET,receptions,1.5,1.83
2026-10-01T15:03:10.048Z,sleeper,Darren Waller,TE,CAR,anytime_touchdowns,0.5,3.07
2026-10-01T15:03:10.048Z,sleeper,Darren Waller,TE,CAR,rec_yds,23.5,1.78
2026-10-01T15:03:10.048Z,sleeper,Darren Waller,TE,CAR,receptions,2.5,1.69
2026-10-01T15:03:10.048Z,sleeper,Jared Goff,QB,DET,interceptions,0.5,2.03
2026-10-01T15:03:10.048Z,sleeper,Jared Goff,QB,DET,longest_passing_completion,36.5,1.8
2026-10-01T15:03:10.048Z,sleeper,Jared Goff,QB,DET,pass_completions,23.5,1.78
2026-10-01T15:03:10.048Z,sleeper,Jared Goff,QB,DET,pass_att,34.5,1.77
2026-10-01T15:03:10.048Z,sleeper,Jared Goff,QB,DET,pass_td,1.5,1.46
2026-10-01T15:03:10.048Z,sleeper,Jared Goff,QB,DET,pass_yds,261.5,1.78
2026-10-01T15:03:10.048Z,sleeper,AJ Dillon,RB,CAR,rush_yds,13.5,1.79
2026-10-01T15:03:10.048Z,sleeper,Amon-Ra St. Brown,WR,DET,anytime_touchdowns,0.5,1.72
2026-10-01T15:03:10.048Z,sleeper,Amon-Ra St. Brown,WR,DET,longest_reception,22.5,1.73
2026-10-01T15:03:10.048Z,sleeper,Amon-Ra St. Brown,WR,DET,rec_yds,76.5,1.77
2026-10-01T15:03:10.048Z,sleeper,Amon-Ra St. Brown,WR,DET,receptions,6.5,1.59
2026-10-01T15:03:10.048Z,sleeper,Chuba Hubbard,RB,CAR,anytime_touchdowns,0.5,1.7
2026-10-01T15:03:10.048Z,sleeper,Chuba Hubbard,RB,CAR,longest_rush,14.5,1.85
2026-10-01T15:03:10.048Z,sleeper,Chuba Hubbard,RB,CAR,rec_yds,18.5,1.78
2026-10-01T15:03:10.048Z,sleeper,Chuba Hubbard,RB,CAR,receptions,2.5,1.58
2026-10-01T15:03:10.048Z,sleeper,Chuba Hubbard,RB,CAR,rush_rec_yds,89.5,1.76
2026-10-01T15:03:10.048Z,sleeper,Chuba Hubbard,RB,CAR,rush_att,16.5,1.77
2026-10-01T15:03:10.048Z,sleeper,Chuba Hubbard,RB,CAR,rush_yds,66.5,1.77
2026-10-01T15:03:10.048Z,sleeper,Tommy Tremble,TE,CAR,rec_yds,12.5,1.77
2026-10-01T15:03:10.048Z,sleeper,Tommy Tremble,TE,CAR,receptions,1.5,1.57
2026-10-01T15:03:10.048Z,sleeper,Jameson Williams,WR,DET,anytime_touchdowns,0.5,2.74
2026-10-01T15:03:10.048Z,sleeper,Jameson Williams,WR,DET,longest_reception,21.5,1.76
2026-10-01T15:03:10.048Z,sleeper,Jameson Williams,WR,DET,rec_yds,50.5,1.78
2026-10-01T15:03:10.048Z,sleeper,Jameson Williams,WR,DET,receptions,3.5,1.89
2026-10-01T15:03:10.048Z,sleeper,Jahmyr Gibbs,RB,DET,anytime_touchdowns,0.5,1.23
2026-10-01T15:03:10.048Z,sleeper,Jahmyr Gibbs,RB,DET,first_touchdown,0.5,3.33
2026-10-01T15:03:10.048Z,sleeper,Jahmyr Gibbs,RB,DET,longest_reception,14.5,1.75
2026-10-01T15:03:10.048Z,sleeper,Jahmyr Gibbs,RB,DET,longest_rush,19.5,1.75
2026-10-01T15:03:10.048Z,sleeper,Jahmyr Gibbs,RB,DET,rec_yds,35.5,1.76
2026-10-01T15:03:10.048Z,sleeper,Jahmyr Gibbs,RB,DET,receptions,4.5,1.69
2026-10-01T15:03:10.048Z,sleeper,Jahmyr Gibbs,RB,DET,rush_rec_yds,136.5,1.77
2026-10-01T15:03:10.048Z,sleeper,Jahmyr Gibbs,RB,DET,rush_att,19.5,1.77
2026-10-01T15:03:10.048Z,sleeper,Jahmyr Gibbs,RB,DET,rush_yds,96.5,1.78
2026-10-01T15:03:10.048Z,sleeper,Bryce Young,QB,CAR,interceptions,0.5,1.66
2026-10-01T15:03:10.048Z,sleeper,Bryce Young,QB,CAR,longest_rush,8.5,1.76
2026-10-01T15:03:10.048Z,sleeper,Bryce Young,QB,CAR,pass_completions,21.5,1.83
2026-10-01T15:03:10.048Z,sleeper,Bryce Young,QB,CAR,pass_rush_yds,265.5,1.77
2026-10-01T15:03:10.048Z,sleeper,Bryce Young,QB,CAR,pass_att,35.5,1.8
2026-10-01T15:03:10.048Z,sleeper,Bryce Young,QB,CAR,pass_td,1.5,1.71
2026-10-01T15:03:10.048Z,sleeper,Bryce Young,QB,CAR,pass_yds,246.5,1.76
2026-10-01T15:03:10.048Z,sleeper,Bryce Young,QB,CAR,rush_att,2.5,1.64
2026-10-01T15:03:10.048Z,sleeper,Bryce Young,QB,CAR,rush_yds,12.5,1.77
2026-10-01T15:03:10.048Z,sleeper,Tyson Bagent,QB,CHI,interceptions,0.5,1.84
2026-10-01T15:03:10.048Z,sleeper,Tyson Bagent,QB,CHI,longest_passing_completion,32.5,1.79
2026-10-01T15:03:10.048Z,sleeper,Tyson Bagent,QB,CHI,longest_rush,9.5,1.75
2026-10-01T15:03:10.048Z,sleeper,Tyson Bagent,QB,CHI,pass_completions,19.5,1.87
2026-10-01T15:03:10.048Z,sleeper,Tyson Bagent,QB,CHI,pass_rush_yds,219.5,1.77
2026-10-01T15:03:10.048Z,sleeper,Tyson Bagent,QB,CHI,pass_att,29.5,1.74
2026-10-01T15:03:10.048Z,sleeper,Tyson Bagent,QB,CHI,pass_td,1.5,2.07
2026-10-01T15:03:10.048Z,sleeper,Tyson Bagent,QB,CHI,pass_yds,199.5,1.78
2026-10-01T15:03:10.048Z,sleeper,Tyson Bagent,QB,CHI,rush_yds,13.5,1.75
2026-10-01T15:03:10.048Z,sleeper,Isaiah Davis,RB,NYJ,anytime_touchdowns,0.5,3.48
2026-10-01T15:03:10.048Z,sleeper,Isaiah Davis,RB,NYJ,rec_yds,9.5,1.8
2026-10-01T15:03:10.048Z,sleeper,Isaiah Davis,RB,NYJ,receptions,1.5,1.86
2026-10-01T15:03:10.048Z,sleeper,Isaiah Davis,RB,NYJ,rush_rec_yds,33.5,1.78
2026-10-01T15:03:10.048Z,sleeper,Isaiah Davis,RB,NYJ,rush_yds,21.5,1.78
2026-10-01T15:03:10.048Z,sleeper,Braelon Allen,RB,NYJ,anytime_touchdowns,0.5,2.1
2026-10-01T15:03:10.048Z,sleeper,Braelon Allen,RB,NYJ,longest_reception,8.5,1.82
2026-10-01T15:03:10.048Z,sleeper,Braelon Allen,RB,NYJ,longest_rush,13.5,1.87
2026-10-01T15:03:10.048Z,sleeper,Braelon Allen,RB,NYJ,rec_yds,11.5,1.82
2026-10-01T15:03:10.048Z,sleeper,Braelon Allen,RB,NYJ,receptions,1.5,1.59
2026-10-01T15:03:10.048Z,sleeper,Braelon Allen,RB,NYJ,rush_rec_yds,70.5,1.77
2026-10-01T15:03:10.048Z,sleeper,Braelon Allen,RB,NYJ,rush_att,14.5,1.92
2026-10-01T15:03:10.048Z,sleeper,Braelon Allen,RB,NYJ,rush_yds,55.5,1.79
2026-10-01T15:03:10.048Z,sleeper,Isaiah Williams,WR,NYJ,longest_reception,13.5,1.82
2026-10-01T15:03:10.048Z,sleeper,Isaiah Williams,WR,NYJ,rec_yds,22.5,1.76
2026-10-01T15:03:10.048Z,sleeper,Isaiah Williams,WR,NYJ,receptions,2.5,1.76
2026-10-01T15:03:10.048Z,sleeper,Rome Odunze,WR,CHI,longest_reception,16.5,1.76
2026-10-01T15:03:10.048Z,sleeper,Rome Odunze,WR,CHI,rec_yds,30.5,1.77
2026-10-01T15:03:10.048Z,sleeper,Rome Odunze,WR,CHI,receptions,2.5,1.75
2026-10-01T15:03:10.048Z,sleeper,Colston Loveland,TE,CHI,anytime_touchdowns,0.5,3.11
2026-10-01T15:03:10.048Z,sleeper,Colston Loveland,TE,CHI,longest_reception,15.5,1.77
2026-10-01T15:03:10.048Z,sleeper,Colston Loveland,TE,CHI,rec_yds,32.5,1.79
2026-10-01T15:03:10.048Z,sleeper,Colston Loveland,TE,CHI,receptions,3.5,1.9
2026-10-01T15:03:10.048Z,sleeper,Luther Burden,WR,CHI,anytime_touchdowns,0.5,2.87
2026-10-01T15:03:10.048Z,sleeper,Luther Burden,WR,CHI,longest_reception,18.5,1.74
2026-10-01T15:03:10.048Z,sleeper,Luther Burden,WR,CHI,rec_yds,46.5,1.79
2026-10-01T15:03:10.048Z,sleeper,Luther Burden,WR,CHI,receptions,4.5,1.94
2026-10-01T15:03:10.048Z,sleeper,Kyle Monangai,RB,CHI,anytime_touchdowns,0.5,2.62
2026-10-01T15:03:10.048Z,sleeper,Kyle Monangai,RB,CHI,longest_rush,11.5,1.7
2026-10-01T15:03:10.048Z,sleeper,Kyle Monangai,RB,CHI,receptions,1.5,2.33
2026-10-01T15:03:10.048Z,sleeper,Kyle Monangai,RB,CHI,rush_att,9.5,1.94
2026-10-01T15:03:10.048Z,sleeper,Kyle Monangai,RB,CHI,rush_yds,38.5,1.77
2026-10-01T15:03:10.048Z,sleeper,Kenyon Sadiq,TE,NYJ,anytime_touchdowns,0.5,2.98
2026-10-01T15:03:10.048Z,sleeper,Kenyon Sadiq,TE,NYJ,rec_yds,42.5,1.8
2026-10-01T15:03:10.048Z,sleeper,Kenyon Sadiq,TE,NYJ,receptions,4.5,1.97
2026-10-01T15:03:10.048Z,sleeper,Geno Smith,QB,NYJ,interceptions,0.5,1.6
2026-10-01T15:03:10.048Z,sleeper,Geno Smith,QB,NYJ,longest_passing_completion,33.5,1.75
2026-10-01T15:03:10.048Z,sleeper,Geno Smith,QB,NYJ,longest_rush,9.5,1.85
2026-10-01T15:03:10.048Z,sleeper,Geno Smith,QB,NYJ,pass_completions,21.5,1.86
2026-10-01T15:03:10.048Z,sleeper,Geno Smith,QB,NYJ,pass_rush_yds,243.5,1.78
2026-10-01T15:03:10.048Z,sleeper,Geno Smith,QB,NYJ,pass_att,32.5,1.74
2026-10-01T15:03:10.048Z,sleeper,Geno Smith,QB,NYJ,pass_td,1.5,2.37
2026-10-01T15:03:10.048Z,sleeper,Geno Smith,QB,NYJ,pass_yds,226.5,1.79
2026-10-01T15:03:10.048Z,sleeper,Geno Smith,QB,NYJ,rush_yds,11.5,1.77
2026-10-01T15:03:10.048Z,sleeper,Kalif Raymond,WR,CHI,longest_reception,15.5,1.75
2026-10-01T15:03:10.048Z,sleeper,Kalif Raymond,WR,CHI,rec_yds,32.5,1.77
2026-10-01T15:03:10.048Z,sleeper,Kalif Raymond,WR,CHI,receptions,3.5,1.99
2026-10-01T15:03:10.048Z,sleeper,D'Andre Swift,RB,CHI,anytime_touchdowns,0.5,1.75
2026-10-01T15:03:10.048Z,sleeper,D'Andre Swift,RB,CHI,longest_reception,8.5,1.78
2026-10-01T15:03:10.048Z,sleeper,D'Andre Swift,RB,CHI,longest_rush,14.5,1.71
2026-10-01T15:03:10.048Z,sleeper,D'Andre Swift,RB,CHI,rec_yds,14.5,1.8
2026-10-01T15:03:10.048Z,sleeper,D'Andre Swift,RB,CHI,receptions,1.5,1.49
2026-10-01T15:03:10.048Z,sleeper,D'Andre Swift,RB,CHI,rush_rec_yds,85.5,1.78
2026-10-01T15:03:10.048Z,sleeper,D'Andre Swift,RB,CHI,rush_att,16.5,1.88
2026-10-01T15:03:10.048Z,sleeper,D'Andre Swift,RB,CHI,rush_yds,66.5,1.77
2026-10-01T15:03:10.048Z,sleeper,Cole Kmet,TE,CHI,longest_reception,8.5,1.8
2026-10-01T15:03:10.048Z,sleeper,Cole Kmet,TE,CHI,rec_yds,9.5,1.76
2026-10-01T15:03:10.048Z,sleeper,Cole Kmet,TE,CHI,receptions,1.5,2.44
2026-10-01T15:03:10.048Z,sleeper,Garrett Wilson,WR,NYJ,anytime_touchdowns,0.5,2.38
2026-10-01T15:03:10.048Z,sleeper,Garrett Wilson,WR,NYJ,longest_reception,24.5,1.76
2026-10-01T15:03:10.048Z,sleeper,Garrett Wilson,WR,NYJ,rec_yds,75.5,1.78
2026-10-01T15:03:10.048Z,sleeper,Garrett Wilson,WR,NYJ,receptions,6.5,1.82
2026-10-01T15:03:10.048Z,sleeper,Chris Rodriguez,RB,JAX,anytime_touchdowns,0.5,3.24
2026-10-01T15:03:10.048Z,sleeper,Chris Rodriguez,RB,JAX,longest_rush,9.5,1.88
2026-10-01T15:03:10.048Z,sleeper,Chris Rodriguez,RB,JAX,rush_yds,19.5,1.75
2026-10-01T15:03:10.048Z,sleeper,Brian Thomas,WR,JAX,longest_reception,16.5,1.74
2026-10-01T15:03:10.048Z,sleeper,Brian Thomas,WR,JAX,rec_yds,28.5,1.76
2026-10-01T15:03:10.048Z,sleeper,Brian Thomas,WR,JAX,receptions,2.5,1.99
2026-10-01T15:03:10.048Z,sleeper,Bhayshul Tuten,RB,JAX,anytime_touchdowns,0.5,1.83
2026-10-01T15:03:10.048Z,sleeper,Bhayshul Tuten,RB,JAX,longest_reception,8.5,1.9
2026-10-01T15:03:10.048Z,sleeper,Bhayshul Tuten,RB,JAX,longest_rush,13.5,1.72
2026-10-01T15:03:10.048Z,sleeper,Bhayshul Tuten,RB,JAX,rec_yds,10.5,1.77
2026-10-01T15:03:10.048Z,sleeper,Bhayshul Tuten,RB,JAX,receptions,1.5,1.59
2026-10-01T15:03:10.048Z,sleeper,Bhayshul Tuten,RB,JAX,rush_rec_yds,69.5,1.77
2026-10-01T15:03:10.048Z,sleeper,Bhayshul Tuten,RB,JAX,rush_att,12.5,1.65
2026-10-01T15:03:10.048Z,sleeper,Bhayshul Tuten,RB,JAX,rush_yds,54.5,1.76
2026-10-01T15:03:10.048Z,sleeper,Dohnte Meyers,WR,CIN,longest_reception,12.5,1.77
2026-10-01T15:03:10.048Z,sleeper,Dohnte Meyers,WR,CIN,rec_yds,18.5,1.76
2026-10-01T15:03:10.048Z,sleeper,Dohnte Meyers,WR,CIN,receptions,1.5,1.51
2026-10-01T15:03:10.048Z,sleeper,Samaje Perine,RB,CIN,rec_yds,9.5,1.79
2026-10-01T15:03:10.048Z,sleeper,Samaje Perine,RB,CIN,receptions,1.5,1.75
2026-10-01T15:03:10.048Z,sleeper,Samaje Perine,RB,CIN,rush_rec_yds,25.5,1.78
2026-10-01T15:03:10.048Z,sleeper,Samaje Perine,RB,CIN,rush_yds,12.5,1.78
2026-10-01T15:03:10.048Z,sleeper,Mike Gesicki,TE,CIN,anytime_touchdowns,0.5,3.33
2026-10-01T15:03:10.048Z,sleeper,Mike Gesicki,TE,CIN,longest_reception,15.5,1.83
2026-10-01T15:03:10.048Z,sleeper,Mike Gesicki,TE,CIN,rec_yds,27.5,1.76
2026-10-01T15:03:10.048Z,sleeper,Mike Gesicki,TE,CIN,receptions,2.5,1.72
2026-10-01T15:03:10.048Z,sleeper,Jakobi Meyers,WR,JAX,anytime_touchdowns,0.5,3.06
2026-10-01T15:03:10.048Z,sleeper,Jakobi Meyers,WR,JAX,longest_reception,18.5,1.8
2026-10-01T15:03:10.048Z,sleeper,Jakobi Meyers,WR,JAX,rec_yds,40.5,1.8
2026-10-01T15:03:10.048Z,sleeper,Jakobi Meyers,WR,JAX,receptions,3.5,1.65
2026-10-01T15:03:10.048Z,sleeper,Drew Sample,TE,CIN,rec_yds,6.5,1.78
2026-10-01T15:03:10.048Z,sleeper,Drew Sample,TE,CIN,receptions,1.5,2.08
2026-10-01T15:03:10.048Z,sleeper,Joe Burrow,QB,CIN,interceptions,0.5,1.77
2026-10-01T15:03:10.048Z,sleeper,Joe Burrow,QB,CIN,longest_passing_completion,37.5,1.82
2026-10-01T15:03:10.048Z,sleeper,Joe Burrow,QB,CIN,pass_completions,24.5,1.89
2026-10-01T15:03:10.048Z,sleeper,Joe Burrow,QB,CIN,pass_rush_yds,280.5,1.77
2026-10-01T15:03:10.048Z,sleeper,Joe Burrow,QB,CIN,pass_att,35.5,1.73
2026-10-01T15:03:10.048Z,sleeper,Joe Burrow,QB,CIN,pass_td,1.5,1.42
2026-10-01T15:03:10.048Z,sleeper,Joe Burrow,QB,CIN,pass_yds,266.5,1.78
2026-10-01T15:03:10.048Z,sleeper,Joe Burrow,QB,CIN,rush_yds,8.5,1.79
2026-10-01T15:03:10.048Z,sleeper,Tee Higgins,WR,CIN,anytime_touchdowns,0.5,2.29
2026-10-01T15:03:10.048Z,sleeper,Tee Higgins,WR,CIN,longest_reception,22.5,1.77
2026-10-01T15:03:10.048Z,sleeper,Tee Higgins,WR,CIN,rec_yds,60.5,1.77
2026-10-01T15:03:10.048Z,sleeper,Tee Higgins,WR,CIN,receptions,4.5,1.93
2026-10-01T15:03:10.048Z,sleeper,Trevor Lawrence,QB,JAX,interceptions,0.5,1.65
2026-10-01T15:03:10.048Z,sleeper,Trevor Lawrence,QB,JAX,longest_passing_completion,38.5,1.82
2026-10-01T15:03:10.048Z,sleeper,Trevor Lawrence,QB,JAX,longest_rush,8.5,1.76
2026-10-01T15:03:10.048Z,sleeper,Trevor Lawrence,QB,JAX,pass_completions,21.5,1.78
2026-10-01T15:03:10.048Z,sleeper,Trevor Lawrence,QB,JAX,pass_rush_yds,278.5,1.78
2026-10-01T15:03:10.048Z,sleeper,Trevor Lawrence,QB,JAX,pass_att,34.5,1.8
2026-10-01T15:03:10.048Z,sleeper,Trevor Lawrence,QB,JAX,pass_td,1.5,1.64
2026-10-01T15:03:10.048Z,sleeper,Trevor Lawrence,QB,JAX,pass_yds,262.5,1.77
2026-10-01T15:03:10.048Z,sleeper,Trevor Lawrence,QB,JAX,rush_yds,13.5,1.77
2026-10-01T15:03:10.048Z,sleeper,Ja'Marr Chase,WR,CIN,anytime_touchdowns,0.5,1.79
2026-10-01T15:03:10.048Z,sleeper,Ja'Marr Chase,WR,CIN,longest_reception,24.5,1.74
2026-10-01T15:03:10.048Z,sleeper,Ja'Marr Chase,WR,CIN,rec_yds,79.5,1.77
2026-10-01T15:03:10.048Z,sleeper,Ja'Marr Chase,WR,CIN,receptions,6.5,1.68
2026-10-01T15:03:10.048Z,sleeper,Chase Brown,RB,CIN,anytime_touchdowns,0.5,1.58
2026-10-01T15:03:10.048Z,sleeper,Chase Brown,RB,CIN,longest_reception,9.5,1.99
2026-10-01T15:03:10.048Z,sleeper,Chase Brown,RB,CIN,longest_rush,14.5,1.89
2026-10-01T15:03:10.048Z,sleeper,Chase Brown,RB,CIN,rec_yds,19.5,1.8
2026-10-01T15:03:10.048Z,sleeper,Chase Brown,RB,CIN,receptions,3.5,1.96
2026-10-01T15:03:10.048Z,sleeper,Chase Brown,RB,CIN,rush_rec_yds,87.5,1.76
2026-10-01T15:03:10.048Z,sleeper,Chase Brown,RB,CIN,rush_att,16.5,1.72
2026-10-01T15:03:10.048Z,sleeper,Chase Brown,RB,CIN,rush_yds,64.5,1.77
2026-10-01T15:03:10.048Z,sleeper,Brenton Strange,TE,JAX,anytime_touchdowns,0.5,3.15
2026-10-01T15:03:10.048Z,sleeper,Brenton Strange,TE,JAX,longest_reception,16.5,1.83
2026-10-01T15:03:10.048Z,sleeper,Brenton Strange,TE,JAX,rec_yds,33.5,1.79
2026-10-01T15:03:10.048Z,sleeper,Brenton Strange,TE,JAX,receptions,3.5,1.95
2026-10-01T15:03:10.048Z,sleeper,Parker Washington,WR,JAX,anytime_touchdowns,0.5,2.26
2026-10-01T15:03:10.048Z,sleeper,Parker Washington,WR,JAX,longest_reception,25.5,1.8
2026-10-01T15:03:10.048Z,sleeper,Parker Washington,WR,JAX,rec_yds,72.5,1.78
2026-10-01T15:03:10.048Z,sleeper,Parker Washington,WR,JAX,receptions,5.5,1.93
2026-10-01T15:03:10.048Z,sleeper,Xavier Hutchinson,WR,HOU,longest_reception,16.5,1.85
2026-10-01T15:03:10.048Z,sleeper,Xavier Hutchinson,WR,HOU,rec_yds,28.5,1.8
2026-10-01T15:03:10.048Z,sleeper,Xavier Hutchinson,WR,HOU,receptions,2.5,1.66
2026-10-01T15:03:10.048Z,sleeper,Ryan Flournoy,WR,DAL,longest_reception,15.5,1.84
2026-10-01T15:03:10.048Z,sleeper,Ryan Flournoy,WR,DAL,rec_yds,33.5,1.77
2026-10-01T15:03:10.048Z,sleeper,Ryan Flournoy,WR,DAL,receptions,3.5,1.89
2026-10-01T15:03:10.048Z,sleeper,Woody Marks,RB,HOU,anytime_touchdowns,0.5,2.67
2026-10-01T15:03:10.048Z,sleeper,Woody Marks,RB,HOU,longest_rush,11.5,1.82
2026-10-01T15:03:10.048Z,sleeper,Woody Marks,RB,HOU,rec_yds,9.5,1.77
2026-10-01T15:03:10.048Z,sleeper,Woody Marks,RB,HOU,receptions,1.5,1.58
2026-10-01T15:03:10.048Z,sleeper,Woody Marks,RB,HOU,rush_rec_yds,49.5,1.78
2026-10-01T15:03:10.048Z,sleeper,Woody Marks,RB,HOU,rush_att,9.5,1.85
2026-10-01T15:03:10.048Z,sleeper,Woody Marks,RB,HOU,rush_yds,35.5,1.81
2026-10-01T15:03:10.048Z,sleeper,Jaylin Noel,WR,HOU,longest_reception,9.5,1.76
2026-10-01T15:03:10.048Z,sleeper,Jaylin Noel,WR,HOU,rec_yds,11.5,1.79
2026-10-01T15:03:10.048Z,sleeper,Jaylin Noel,WR,HOU,receptions,1.5,2.39
2026-10-01T15:03:10.048Z,sleeper,Dak Prescott,QB,DAL,interceptions,0.5,1.72
2026-10-01T15:03:10.048Z,sleeper,Dak Prescott,QB,DAL,longest_passing_completion,38.5,1.8
2026-10-01T15:03:10.048Z,sleeper,Dak Prescott,QB,DAL,pass_completions,24.5,1.8
2026-10-01T15:03:10.048Z,sleeper,Dak Prescott,QB,DAL,pass_rush_yds,285.5,1.77
2026-10-01T15:03:10.048Z,sleeper,Dak Prescott,QB,DAL,pass_att,35.5,1.82
2026-10-01T15:03:10.048Z,sleeper,Dak Prescott,QB,DAL,pass_td,1.5,1.73
2026-10-01T15:03:10.048Z,sleeper,Dak Prescott,QB,DAL,pass_yds,271.5,1.78
2026-10-01T15:03:10.048Z,sleeper,Dak Prescott,QB,DAL,rush_att,3.5,2.14
2026-10-01T15:03:10.048Z,sleeper,Dak Prescott,QB,DAL,rush_yds,10.5,1.82
2026-10-01T15:03:10.048Z,sleeper,Dalton Schultz,TE,HOU,anytime_touchdowns,0.5,2.86
2026-10-01T15:03:10.048Z,sleeper,Dalton Schultz,TE,HOU,longest_reception,18.5,1.85
2026-10-01T15:03:10.048Z,sleeper,Dalton Schultz,TE,HOU,rec_yds,44.5,1.79
2026-10-01T15:03:10.048Z,sleeper,Dalton Schultz,TE,HOU,receptions,4.5,1.64
2026-10-01T15:03:10.048Z,sleeper,David Montgomery,RB,HOU,anytime_touchdowns,0.5,1.67
2026-10-01T15:03:10.048Z,sleeper,David Montgomery,RB,HOU,longest_reception,8.5,1.87
2026-10-01T15:03:10.048Z,sleeper,David Montgomery,RB,HOU,longest_rush,12.5,1.8
2026-10-01T15:03:10.048Z,sleeper,David Montgomery,RB,HOU,rec_yds,10.5,1.76
2026-10-01T15:03:10.048Z,sleeper,David Montgomery,RB,HOU,receptions,1.5,1.67
2026-10-01T15:03:10.048Z,sleeper,David Montgomery,RB,HOU,rush_rec_yds,60.5,1.79
2026-10-01T15:03:10.048Z,sleeper,David Montgomery,RB,HOU,rush_att,11.5,1.7
2026-10-01T15:03:10.048Z,sleeper,David Montgomery,RB,HOU,rush_yds,44.5,1.77
2026-10-01T15:03:10.048Z,sleeper,CeeDee Lamb,WR,DAL,anytime_touchdowns,0.5,2.14
2026-10-01T15:03:10.048Z,sleeper,CeeDee Lamb,WR,DAL,longest_reception,24.5,1.75
2026-10-01T15:03:10.048Z,sleeper,CeeDee Lamb,WR,DAL,rec_yds,77.5,1.79
2026-10-01T15:03:10.048Z,sleeper,CeeDee Lamb,WR,DAL,receptions,5.5,1.67
2026-10-01T15:03:10.048Z,sleeper,Nico Collins,WR,HOU,anytime_touchdowns,0.5,2.38
2026-10-01T15:03:10.048Z,sleeper,Nico Collins,WR,HOU,longest_reception,25.5,1.82
2026-10-01T15:03:10.048Z,sleeper,Nico Collins,WR,HOU,rec_yds,73.5,1.77
2026-10-01T15:03:10.048Z,sleeper,Nico Collins,WR,HOU,receptions,5.5,1.89
2026-10-01T15:03:10.048Z,sleeper,Javonte Williams,RB,DAL,anytime_touchdowns,0.5,1.71
2026-10-01T15:03:10.048Z,sleeper,Javonte Williams,RB,DAL,longest_reception,8.5,1.81
2026-10-01T15:03:10.048Z,sleeper,Javonte Williams,RB,DAL,longest_rush,13.5,1.85
2026-10-01T15:03:10.048Z,sleeper,Javonte Williams,RB,DAL,rec_yds,13.5,1.77
2026-10-01T15:03:10.048Z,sleeper,Javonte Williams,RB,DAL,receptions,2.5,1.63
2026-10-01T15:03:10.048Z,sleeper,Javonte Williams,RB,DAL,rush_rec_yds,78.5,1.79
2026-10-01T15:03:10.048Z,sleeper,Javonte Williams,RB,DAL,rush_att,15.5,1.76
2026-10-01T15:03:10.048Z,sleeper,Javonte Williams,RB,DAL,rush_yds,60.5,1.78
2026-10-01T15:03:10.048Z,sleeper,Jake Ferguson,TE,DAL,anytime_touchdowns,0.5,3.43
2026-10-01T15:03:10.048Z,sleeper,Jake Ferguson,TE,DAL,longest_reception,11.5,1.76
2026-10-01T15:03:10.048Z,sleeper,Jake Ferguson,TE,DAL,rec_yds,24.5,1.8
2026-10-01T15:03:10.048Z,sleeper,Jake Ferguson,TE,DAL,receptions,3.5,1.92
2026-10-01T15:03:10.048Z,sleeper,George Pickens,WR,DAL,anytime_touchdowns,0.5,2.51
2026-10-01T15:03:10.048Z,sleeper,George Pickens,WR,DAL,longest_reception,24.5,1.82
2026-10-01T15:03:10.048Z,sleeper,George Pickens,WR,DAL,rec_yds,67.5,1.77
2026-10-01T15:03:10.048Z,sleeper,George Pickens,WR,DAL,receptions,4.5,1.62
2026-10-01T15:03:10.048Z,sleeper,Kayshon Boutte,WR,HOU,longest_reception,15.5,1.75
2026-10-01T15:03:10.048Z,sleeper,Kayshon Boutte,WR,HOU,rec_yds,23.5,1.77
2026-10-01T15:03:10.048Z,sleeper,Kayshon Boutte,WR,HOU,receptions,1.5,1.55
2026-10-01T15:03:10.048Z,sleeper,C.J. Stroud,QB,HOU,interceptions,0.5,1.8
2026-10-01T15:03:10.048Z,sleeper,C.J. Stroud,QB,HOU,longest_passing_completion,37.5,1.75
2026-10-01T15:03:10.048Z,sleeper,C.J. Stroud,QB,HOU,longest_rush,8.5,1.81
2026-10-01T15:03:10.048Z,sleeper,C.J. Stroud,QB,HOU,pass_completions,21.5,1.85
2026-10-01T15:03:10.048Z,sleeper,C.J. Stroud,QB,HOU,pass_rush_yds,261.5,1.79
2026-10-01T15:03:10.048Z,sleeper,C.J. Stroud,QB,HOU,pass_att,32.5,1.75
2026-10-01T15:03:10.048Z,sleeper,C.J. Stroud,QB,HOU,pass_td,1.5,1.85
2026-10-01T15:03:10.048Z,sleeper,C.J. Stroud,QB,HOU,pass_yds,244.5,1.79
2026-10-01T15:03:10.048Z,sleeper,C.J. Stroud,QB,HOU,rush_att,3.5,1.9
2026-10-01T15:03:10.048Z,sleeper,C.J. Stroud,QB,HOU,rush_yds,11.5,1.79
2026-10-01T15:03:10.048Z,sleeper,Malik Washington,WR,MIA,longest_reception,15.5,1.82
2026-10-01T15:03:10.048Z,sleeper,Malik Washington,WR,MIA,rec_yds,35.5,1.76
2026-10-01T15:03:10.048Z,sleeper,Malik Washington,WR,MIA,receptions,3.5,1.64
2026-10-01T15:03:10.048Z,sleeper,Jaylen Wright,RB,MIA,longest_rush,9.5,1.81
2026-10-01T15:03:10.048Z,sleeper,Jaylen Wright,RB,MIA,receptions,1.5,2.29
2026-10-01T15:03:10.048Z,sleeper,Jaylen Wright,RB,MIA,rush_att,6.5,1.63
2026-10-01T15:03:10.048Z,sleeper,Jaylen Wright,RB,MIA,rush_yds,22.5,1.76
2026-10-01T15:03:10.048Z,sleeper,Ollie Gordon,RB,MIA,anytime_touchdowns,0.5,3.41
2026-10-01T15:03:10.048Z,sleeper,Ollie Gordon,RB,MIA,rush_yds,29.5,1.76
2026-10-01T15:03:10.048Z,sleeper,Chris Bell,WR,MIA,rec_yds,32.5,1.79
2026-10-01T15:03:10.048Z,sleeper,Chris Bell,WR,MIA,receptions,2.5,1.89
2026-10-01T15:03:10.048Z,sleeper,Aaron Jones,RB,MIN,anytime_touchdowns,0.5,1.59
2026-10-01T15:03:10.048Z,sleeper,Aaron Jones,RB,MIN,longest_reception,10.5,1.8
2026-10-01T15:03:10.048Z,sleeper,Aaron Jones,RB,MIN,longest_rush,13.5,1.75
2026-10-01T15:03:10.048Z,sleeper,Aaron Jones,RB,MIN,rec_yds,18.5,1.79
2026-10-01T15:03:10.048Z,sleeper,Aaron Jones,RB,MIN,receptions,2.5,1.52
2026-10-01T15:03:10.048Z,sleeper,Aaron Jones,RB,MIN,rush_rec_yds,89.5,1.79
2026-10-01T15:03:10.048Z,sleeper,Aaron Jones,RB,MIN,rush_att,17.5,1.82
2026-10-01T15:03:10.048Z,sleeper,Aaron Jones,RB,MIN,rush_yds,67.5,1.79
2026-10-01T15:03:10.048Z,sleeper,T.J. Hockenson,TE,MIN,anytime_touchdowns,0.5,2.61
2026-10-01T15:03:10.048Z,sleeper,Kyler Murray,QB,MIN,interceptions,0.5,2.12
2026-10-01T15:03:10.048Z,sleeper,Kyler Murray,QB,MIN,longest_rush,10.5,1.76
2026-10-01T15:03:10.048Z,sleeper,Kyler Murray,QB,MIN,pass_completions,19.5,1.78
2026-10-01T15:03:10.048Z,sleeper,Kyler Murray,QB,MIN,pass_rush_yds,231.5,1.78
2026-10-01T15:03:10.048Z,sleeper,Kyler Murray,QB,MIN,pass_att,28.5,1.79
2026-10-01T15:03:10.048Z,sleeper,Kyler Murray,QB,MIN,pass_td,1.5,1.89
2026-10-01T15:03:10.048Z,sleeper,Kyler Murray,QB,MIN,pass_yds,206.5,1.79
2026-10-01T15:03:10.048Z,sleeper,Kyler Murray,QB,MIN,rush_att,5.5,1.91
2026-10-01T15:03:10.048Z,sleeper,Kyler Murray,QB,MIN,rush_yds,19.5,1.76
2026-10-01T15:03:10.048Z,sleeper,Justin Jefferson,WR,MIN,anytime_touchdowns,0.5,2.21
2026-10-01T15:03:10.048Z,sleeper,Malik Willis,QB,MIA,interceptions,0.5,1.5
2026-10-01T15:03:10.048Z,sleeper,Malik Willis,QB,MIA,longest_passing_completion,31.5,1.79
2026-10-01T15:03:10.048Z,sleeper,Malik Willis,QB,MIA,pass_completions,15.5,1.73
2026-10-01T15:03:10.048Z,sleeper,Malik Willis,QB,MIA,pass_rush_yds,203.5,1.78
2026-10-01T15:03:10.048Z,sleeper,Malik Willis,QB,MIA,pass_att,28.5,1.83
2026-10-01T15:03:10.048Z,sleeper,Malik Willis,QB,MIA,pass_td,0.5,1.86
2026-10-01T15:03:10.048Z,sleeper,Malik Willis,QB,MIA,pass_yds,170.5,1.79
2026-10-01T15:03:10.048Z,sleeper,Malik Willis,QB,MIA,rush_att,5.5,1.67
2026-10-01T15:03:10.048Z,sleeper,Malik Willis,QB,MIA,rush_yds,29.5,1.81
2026-10-01T15:03:10.048Z,sleeper,Greg Dulcich,TE,MIA,longest_reception,14.5,1.8
2026-10-01T15:03:10.048Z,sleeper,Greg Dulcich,TE,MIA,rec_yds,27.5,1.78
2026-10-01T15:03:10.048Z,sleeper,Greg Dulcich,TE,MIA,receptions,2.5,1.61
2026-10-01T15:03:10.048Z,sleeper,Jordan Addison,WR,MIN,anytime_touchdowns,0.5,2.26
2026-10-01T15:03:10.048Z,sleeper,Michael Wilson,WR,ARI,anytime_touchdowns,0.5,2.76
2026-10-01T15:03:10.048Z,sleeper,Michael Wilson,WR,ARI,longest_reception,21.5,1.83
2026-10-01T15:03:10.048Z,sleeper,Michael Wilson,WR,ARI,rec_yds,56.5,1.79
2026-10-01T15:03:10.048Z,sleeper,Michael Wilson,WR,ARI,receptions,5.5,2.06
2026-10-01T15:03:10.048Z,sleeper,Marvin Harrison,WR,ARI,longest_reception,17.5,1.81
2026-10-01T15:03:10.048Z,sleeper,Marvin Harrison,WR,ARI,rec_yds,32.5,1.77
2026-10-01T15:03:10.048Z,sleeper,Marvin Harrison,WR,ARI,receptions,2.5,1.84
2026-10-01T15:03:10.048Z,sleeper,Malik Nabers,WR,NYG,anytime_touchdowns,0.5,2.65
2026-10-01T15:03:10.048Z,sleeper,Malik Nabers,WR,NYG,longest_reception,21.5,1.8
2026-10-01T15:03:10.048Z,sleeper,Malik Nabers,WR,NYG,rec_yds,53.5,1.77
2026-10-01T15:03:10.048Z,sleeper,Malik Nabers,WR,NYG,receptions,4.5,1.68
2026-10-01T15:03:10.048Z,sleeper,Cam Skattebo,RB,NYG,anytime_touchdowns,0.5,1.72
2026-10-01T15:03:10.048Z,sleeper,Cam Skattebo,RB,NYG,longest_reception,10.5,1.77
2026-10-01T15:03:10.048Z,sleeper,Cam Skattebo,RB,NYG,longest_rush,13.5,1.8
2026-10-01T15:03:10.048Z,sleeper,Cam Skattebo,RB,NYG,rec_yds,17.5,1.8
2026-10-01T15:03:10.048Z,sleeper,Cam Skattebo,RB,NYG,receptions,2.5,1.86
2026-10-01T15:03:10.048Z,sleeper,Cam Skattebo,RB,NYG,rush_rec_yds,84.5,1.78
2026-10-01T15:03:10.048Z,sleeper,Cam Skattebo,RB,NYG,rush_att,16.5,1.82
2026-10-01T15:03:10.048Z,sleeper,Cam Skattebo,RB,NYG,rush_yds,63.5,1.78
2026-10-01T15:03:10.048Z,sleeper,Malachi Fields,WR,NYG,longest_reception,15.5,1.78
2026-10-01T15:03:10.048Z,sleeper,Malachi Fields,WR,NYG,rec_yds,23.5,1.77
2026-10-01T15:03:10.048Z,sleeper,Malachi Fields,WR,NYG,receptions,1.5,1.5
2026-10-01T15:03:10.048Z,sleeper,Jeremiyah Love,RB,ARI,anytime_touchdowns,0.5,1.77
2026-10-01T15:03:10.048Z,sleeper,Jeremiyah Love,RB,ARI,longest_reception,8.5,1.79
2026-10-01T15:03:10.048Z,sleeper,Jeremiyah Love,RB,ARI,longest_rush,14.5,1.75
2026-10-01T15:03:10.048Z,sleeper,Jeremiyah Love,RB,ARI,rec_yds,15.5,1.8
2026-10-01T15:03:10.048Z,sleeper,Jeremiyah Love,RB,ARI,receptions,2.5,1.48
2026-10-01T15:03:10.048Z,sleeper,Jeremiyah Love,RB,ARI,rush_rec_yds,84.5,1.77
2026-10-01T15:03:10.048Z,sleeper,Jeremiyah Love,RB,ARI,rush_att,15.5,1.72
2026-10-01T15:03:10.048Z,sleeper,Jeremiyah Love,RB,ARI,rush_yds,64.5,1.78
2026-10-01T15:03:10.048Z,sleeper,Jameis Winston,QB,NYG,interceptions,0.5,1.54
2026-10-01T15:03:10.048Z,sleeper,Jameis Winston,QB,NYG,longest_passing_completion,35.5,1.81
2026-10-01T15:03:10.048Z,sleeper,Jameis Winston,QB,NYG,pass_completions,18.5,1.85
2026-10-01T15:03:10.048Z,sleeper,Jameis Winston,QB,NYG,pass_att,30.5,1.8
2026-10-01T15:03:10.048Z,sleeper,Jameis Winston,QB,NYG,pass_td,1.5,2.4
2026-10-01T15:03:10.048Z,sleeper,Jameis Winston,QB,NYG,pass_yds,209.5,1.78
2026-10-01T15:03:10.048Z,sleeper,Jacoby Brissett,QB,ARI,interceptions,0.5,1.74
2026-10-01T15:03:10.048Z,sleeper,Jacoby Brissett,QB,ARI,longest_passing_completion,34.5,1.78
2026-10-01T15:03:10.048Z,sleeper,Jacoby Brissett,QB,ARI,pass_completions,23.5,1.89
2026-10-01T15:03:10.048Z,sleeper,Jacoby Brissett,QB,ARI,pass_rush_yds,243.5,1.78
2026-10-01T15:03:10.048Z,sleeper,Jacoby Brissett,QB,ARI,pass_att,34.5,1.72
2026-10-01T15:03:10.048Z,sleeper,Jacoby Brissett,QB,ARI,pass_td,1.5,2.03
2026-10-01T15:03:10.048Z,sleeper,Jacoby Brissett,QB,ARI,pass_yds,231.5,1.78
2026-10-01T15:03:10.048Z,sleeper,Jacoby Brissett,QB,ARI,rush_yds,7.5,1.8
2026-10-01T15:03:10.048Z,sleeper,Kendrick Bourne,WR,ARI,longest_reception,13.5,1.85
2026-10-01T15:03:10.048Z,sleeper,Kendrick Bourne,WR,ARI,rec_yds,20.5,1.81
2026-10-01T15:03:10.048Z,sleeper,Kendrick Bourne,WR,ARI,receptions,2.5,2.16
2026-10-01T15:03:10.048Z,sleeper,Darnell Mooney,WR,NYG,longest_reception,14.5,1.75
2026-10-01T15:03:10.048Z,sleeper,Darnell Mooney,WR,NYG,rec_yds,20.5,1.78
2026-10-01T15:03:10.048Z,sleeper,Darnell Mooney,WR,NYG,receptions,1.5,1.51
2026-10-01T15:03:10.048Z,sleeper,Najee Harris,RB,NYG,longest_rush,9.5,1.87
2026-10-01T15:03:10.048Z,sleeper,Najee Harris,RB,NYG,rush_yds,23.5,1.77
2026-10-01T15:03:10.048Z,sleeper,Trey McBride,TE,ARI,anytime_touchdowns,0.5,2.22
2026-10-01T15:03:10.048Z,sleeper,Trey McBride,TE,ARI,longest_reception,20.5,1.77
2026-10-01T15:03:10.048Z,sleeper,Trey McBride,TE,ARI,rec_yds,68.5,1.79
2026-10-01T15:03:10.048Z,sleeper,Trey McBride,TE,ARI,receptions,7.5,1.99
2026-10-01T15:03:10.048Z,sleeper,Isaiah Likely,TE,NYG,anytime_touchdowns,0.5,3.14
2026-10-01T15:03:10.048Z,sleeper,Isaiah Likely,TE,NYG,longest_reception,17.5,1.73
2026-10-01T15:03:10.048Z,sleeper,Isaiah Likely,TE,NYG,rec_yds,39.5,1.79
2026-10-01T15:03:10.048Z,sleeper,Isaiah Likely,TE,NYG,receptions,4.5,2.13
2026-10-01T15:03:10.048Z,sleeper,Tyler Allgeier,RB,ARI,anytime_touchdowns,0.5,3.32
2026-10-01T15:03:10.048Z,sleeper,Tyler Allgeier,RB,ARI,longest_rush,8.5,1.78
2026-10-01T15:03:10.048Z,sleeper,Tyler Allgeier,RB,ARI,rush_yds,18.5,1.81
2026-10-01T15:03:10.048Z,sleeper,Tre Tucker,WR,LV,anytime_touchdowns,0.5,3.47
2026-10-01T15:03:10.048Z,sleeper,Tre Tucker,WR,LV,longest_reception,18.5,1.81
2026-10-01T15:03:10.048Z,sleeper,Tre Tucker,WR,LV,rec_yds,37.5,1.76
2026-10-01T15:03:10.048Z,sleeper,Tre Tucker,WR,LV,receptions,3.5,2.06
2026-10-01T15:03:10.048Z,sleeper,Rashee Rice,WR,KC,anytime_touchdowns,0.5,2.35
2026-10-01T15:03:10.048Z,sleeper,Rashee Rice,WR,KC,rec_yds,54.5,1.76
2026-10-01T15:03:10.048Z,sleeper,Rashee Rice,WR,KC,receptions,4.5,1.72
2026-10-01T15:03:10.048Z,sleeper,Brock Bowers,TE,LV,anytime_touchdowns,0.5,2.5
2026-10-01T15:03:10.048Z,sleeper,Brock Bowers,TE,LV,longest_reception,22.5,1.76
2026-10-01T15:03:10.048Z,sleeper,Brock Bowers,TE,LV,rec_yds,74.5,1.78
2026-10-01T15:03:10.048Z,sleeper,Brock Bowers,TE,LV,receptions,6.5,1.59
2026-10-01T15:03:10.048Z,sleeper,Xavier Worthy,WR,KC,anytime_touchdowns,0.5,3.05
2026-10-01T15:03:10.048Z,sleeper,Xavier Worthy,WR,KC,longest_reception,17.5,1.76
2026-10-01T15:03:10.048Z,sleeper,Xavier Worthy,WR,KC,rec_yds,33.5,1.77
2026-10-01T15:03:10.048Z,sleeper,Xavier Worthy,WR,KC,receptions,3.5,2.18
2026-10-01T15:03:10.048Z,sleeper,Kirk Cousins,QB,LV,interceptions,0.5,1.51
2026-10-01T15:03:10.048Z,sleeper,Kirk Cousins,QB,LV,longest_passing_completion,33.5,1.75
2026-10-01T15:03:10.048Z,sleeper,Kirk Cousins,QB,LV,pass_completions,21.5,1.72
2026-10-01T15:03:10.048Z,sleeper,Kirk Cousins,QB,LV,pass_att,33.5,1.77
2026-10-01T15:03:10.048Z,sleeper,Kirk Cousins,QB,LV,pass_td,1.5,2.06
2026-10-01T15:03:10.048Z,sleeper,Kirk Cousins,QB,LV,pass_yds,225.5,1.78
2026-10-01T15:03:10.048Z,sleeper,Ashton Jeanty,RB,LV,anytime_touchdowns,0.5,1.64
2026-10-01T15:03:10.048Z,sleeper,Ashton Jeanty,RB,LV,longest_rush,12.5,1.77
2026-10-01T15:03:10.048Z,sleeper,Ashton Jeanty,RB,LV,rec_yds,20.5,1.8
2026-10-01T15:03:10.048Z,sleeper,Ashton Jeanty,RB,LV,receptions,3.5,2.07
2026-10-01T15:03:10.048Z,sleeper,Ashton Jeanty,RB,LV,rush_rec_yds,82.5,1.77
2026-10-01T15:03:10.048Z,sleeper,Ashton Jeanty,RB,LV,rush_att,17.5,1.89
2026-10-01T15:03:10.048Z,sleeper,Ashton Jeanty,RB,LV,rush_yds,58.5,1.78
2026-10-01T15:03:10.048Z,sleeper,Mike Washington,RB,LV,rush_yds,16.5,1.8
2026-10-01T15:03:10.048Z,sleeper,Emmett Johnson,RB,KC,rec_yds,7.5,1.74
2026-10-01T15:03:10.048Z,sleeper,Emmett Johnson,RB,KC,receptions,1.5,2.36
2026-10-01T15:03:10.048Z,sleeper,Emmett Johnson,RB,KC,rush_rec_yds,28.5,1.76
2026-10-01T15:03:10.048Z,sleeper,Emmett Johnson,RB,KC,rush_yds,16.5,1.75
2026-10-01T15:03:10.048Z,sleeper,Travis Kelce,TE,KC,anytime_touchdowns,0.5,2.36
2026-10-01T15:03:10.048Z,sleeper,Travis Kelce,TE,KC,longest_reception,19.5,1.83
2026-10-01T15:03:10.048Z,sleeper,Travis Kelce,TE,KC,rec_yds,47.5,1.76
2026-10-01T15:03:10.048Z,sleeper,Travis Kelce,TE,KC,receptions,4.5,1.96
2026-10-01T15:03:10.048Z,sleeper,Patrick Mahomes,QB,KC,interceptions,0.5,2.01
2026-10-01T15:03:10.048Z,sleeper,Patrick Mahomes,QB,KC,pass_completions,20.5,1.69
2026-10-01T15:03:10.048Z,sleeper,Patrick Mahomes,QB,KC,pass_rush_yds,258.5,1.77
2026-10-01T15:03:10.048Z,sleeper,Patrick Mahomes,QB,KC,pass_att,31.5,1.77
2026-10-01T15:03:10.048Z,sleeper,Patrick Mahomes,QB,KC,pass_td,1.5,1.66
2026-10-01T15:03:10.048Z,sleeper,Patrick Mahomes,QB,KC,pass_yds,238.5,1.79
2026-10-01T15:03:10.048Z,sleeper,Patrick Mahomes,QB,KC,rush_yds,15.5,1.79
2026-10-01T15:03:10.048Z,sleeper,Noah Gray,TE,KC,rec_yds,8.5,1.81
2026-10-01T15:03:10.048Z,sleeper,Noah Gray,TE,KC,receptions,1.5,2.33
2026-10-01T15:03:10.048Z,sleeper,Kenneth Walker,RB,KC,anytime_touchdowns,0.5,1.51
2026-10-01T15:03:10.048Z,sleeper,Kenneth Walker,RB,KC,longest_reception,11.5,1.8
2026-10-01T15:03:10.048Z,sleeper,Kenneth Walker,RB,KC,longest_rush,17.5,1.83
2026-10-01T15:03:10.048Z,sleeper,Kenneth Walker,RB,KC,rec_yds,19.5,1.75
2026-10-01T15:03:10.048Z,sleeper,Kenneth Walker,RB,KC,receptions,2.5,1.59
2026-10-01T15:03:10.048Z,sleeper,Kenneth Walker,RB,KC,rush_rec_yds,111.5,1.77
2026-10-01T15:03:10.048Z,sleeper,Kenneth Walker,RB,KC,rush_att,18.5,1.78
2026-10-01T15:03:10.048Z,sleeper,Kenneth Walker,RB,KC,rush_yds,87.5,1.79
2026-10-01T15:03:10.048Z,sleeper,Jalen Nailor,WR,LV,longest_reception,13.5,1.78
2026-10-01T15:03:10.048Z,sleeper,Jalen Nailor,WR,LV,rec_yds,19.5,1.78
2026-10-01T15:03:10.048Z,sleeper,Jalen Nailor,WR,LV,receptions,1.5,1.51
2026-10-01T15:03:10.048Z,sleeper,Tyquan Thornton,WR,KC,longest_reception,15.5,1.8
2026-10-01T15:03:10.048Z,sleeper,Tyquan Thornton,WR,KC,rec_yds,20.5,1.77
2026-10-01T15:03:10.048Z,sleeper,Tyquan Thornton,WR,KC,receptions,1.5,1.95
2026-10-01T15:03:10.048Z,sleeper,Michael Mayer,TE,LV,longest_reception,12.5,1.78
2026-10-01T15:03:10.048Z,sleeper,Michael Mayer,TE,LV,rec_yds,21.5,1.8
2026-10-01T15:03:10.048Z,sleeper,Michael Mayer,TE,LV,receptions,2.5,1.73
2026-10-01T15:03:10.048Z,sleeper,Blake Corum,RB,LAR,anytime_touchdowns,0.5,3.2
2026-10-01T15:03:10.048Z,sleeper,Blake Corum,RB,LAR,longest_rush,13.5,1.75
2026-10-01T15:03:10.048Z,sleeper,Blake Corum,RB,LAR,rush_att,9.5,1.79
2026-10-01T15:03:10.048Z,sleeper,Blake Corum,RB,LAR,rush_yds,41.5,1.8
2026-10-01T15:03:10.048Z,sleeper,Makai Lemon,WR,PHI,longest_reception,14.5,1.83
2026-10-01T15:03:10.048Z,sleeper,Makai Lemon,WR,PHI,rec_yds,26.5,1.78
2026-10-01T15:03:10.048Z,sleeper,Makai Lemon,WR,PHI,receptions,2.5,1.54
2026-10-01T15:03:10.048Z,sleeper,Zach Ertz,TE,PHI,rec_yds,9.5,1.75
2026-10-01T15:03:10.048Z,sleeper,Zach Ertz,TE,PHI,receptions,1.5,1.91
2026-10-01T15:03:10.048Z,sleeper,Davante Adams,WR,LAR,anytime_touchdowns,0.5,2.03
2026-10-01T15:03:10.048Z,sleeper,Davante Adams,WR,LAR,longest_reception,22.5,1.77
2026-10-01T15:03:10.048Z,sleeper,Davante Adams,WR,LAR,rec_yds,64.5,1.77
2026-10-01T15:03:10.048Z,sleeper,Davante Adams,WR,LAR,receptions,4.5,1.63
2026-10-01T15:03:10.048Z,sleeper,Matthew Stafford,QB,LAR,interceptions,0.5,1.83
2026-10-01T15:03:10.048Z,sleeper,Matthew Stafford,QB,LAR,longest_passing_completion,37.5,1.82
2026-10-01T15:03:10.048Z,sleeper,Matthew Stafford,QB,LAR,pass_completions,21.5,1.87
2026-10-01T15:03:10.048Z,sleeper,Matthew Stafford,QB,LAR,pass_att,34.5,1.74
2026-10-01T15:03:10.048Z,sleeper,Matthew Stafford,QB,LAR,pass_td,1.5,1.73
2026-10-01T15:03:10.048Z,sleeper,Matthew Stafford,QB,LAR,pass_yds,251.5,1.77
2026-10-01T15:03:10.048Z,sleeper,Johnny Mundt,TE,PHI,rec_yds,7.5,1.78
2026-10-01T15:03:10.048Z,sleeper,Johnny Mundt,TE,PHI,receptions,1.5,2.28
2026-10-01T15:03:10.048Z,sleeper,Saquon Barkley,RB,PHI,anytime_touchdowns,0.5,1.98
2026-10-01T15:03:10.048Z,sleeper,Saquon Barkley,RB,PHI,longest_rush,15.5,1.71
2026-10-01T15:03:10.048Z,sleeper,Saquon Barkley,RB,PHI,rec_yds,11.5,1.77
2026-10-01T15:03:10.048Z,sleeper,Saquon Barkley,RB,PHI,receptions,1.5,1.6
2026-10-01T15:03:10.048Z,sleeper,Saquon Barkley,RB,PHI,rush_rec_yds,91.5,1.77
2026-10-01T15:03:10.048Z,sleeper,Saquon Barkley,RB,PHI,rush_att,17.5,1.75
2026-10-01T15:03:10.048Z,sleeper,Saquon Barkley,RB,PHI,rush_yds,76.5,1.78
2026-10-01T15:03:10.048Z,sleeper,Jalen Hurts,QB,PHI,anytime_touchdowns,0.5,2.49
2026-10-01T15:03:10.048Z,sleeper,Jalen Hurts,QB,PHI,interceptions,0.5,1.82
2026-10-01T15:03:10.048Z,sleeper,Jalen Hurts,QB,PHI,longest_passing_completion,33.5,1.74
2026-10-01T15:03:10.048Z,sleeper,Jalen Hurts,QB,PHI,longest_rush,10.5,1.73
2026-10-01T15:03:10.048Z,sleeper,Jalen Hurts,QB,PHI,pass_completions,18.5,1.68
2026-10-01T15:03:10.048Z,sleeper,Jalen Hurts,QB,PHI,pass_rush_yds,231.5,1.79
2026-10-01T15:03:10.048Z,sleeper,Jalen Hurts,QB,PHI,pass_att,29.5,1.73
2026-10-01T15:03:10.048Z,sleeper,Jalen Hurts,QB,PHI,pass_td,1.5,2.55
2026-10-01T15:03:10.048Z,sleeper,Jalen Hurts,QB,PHI,pass_yds,203.5,1.78
2026-10-01T15:03:10.048Z,sleeper,Jalen Hurts,QB,PHI,rush_att,6.5,2.02
2026-10-01T15:03:10.048Z,sleeper,Jalen Hurts,QB,PHI,rush_yds,24.5,1.76
2026-10-01T15:03:10.048Z,sleeper,DeVonta Smith,WR,PHI,anytime_touchdowns,0.5,2.67
2026-10-01T15:03:10.048Z,sleeper,DeVonta Smith,WR,PHI,longest_reception,23.5,1.8
2026-10-01T15:03:10.048Z,sleeper,DeVonta Smith,WR,PHI,rec_yds,67.5,1.77
2026-10-01T15:03:10.048Z,sleeper,DeVonta Smith,WR,PHI,receptions,5.5,1.6
2026-10-01T15:03:10.048Z,sleeper,Kyren Williams,RB,LAR,anytime_touchdowns,0.5,1.76
2026-10-01T15:03:10.048Z,sleeper,Kyren Williams,RB,LAR,longest_reception,8.5,1.68
2026-10-01T15:03:10.048Z,sleeper,Kyren Williams,RB,LAR,rec_yds,14.5,1.79
2026-10-01T15:03:10.048Z,sleeper,Kyren Williams,RB,LAR,receptions,2.5,2.04
2026-10-01T15:03:10.048Z,sleeper,Kyren Williams,RB,LAR,rush_rec_yds,74.5,1.79
2026-10-01T15:03:10.048Z,sleeper,Kyren Williams,RB,LAR,rush_att,13.5,1.78
2026-10-01T15:03:10.048Z,sleeper,Kyren Williams,RB,LAR,rush_yds,56.5,1.77
2026-10-01T15:03:10.048Z,sleeper,Tank Bigsby,RB,PHI,rush_yds,10.5,1.78
2026-10-01T15:03:10.048Z,sleeper,Dontayvion Wicks,WR,PHI,longest_reception,18.5,1.78
2026-10-01T15:03:10.048Z,sleeper,Dontayvion Wicks,WR,PHI,rec_yds,40.5,1.78
2026-10-01T15:03:10.048Z,sleeper,Dontayvion Wicks,WR,PHI,receptions,3.5,2.18
2026-10-01T15:03:10.048Z,sleeper,Puka Nacua,WR,LAR,anytime_touchdowns,0.5,2.24
2026-10-01T15:03:10.048Z,sleeper,Puka Nacua,WR,LAR,longest_reception,25.5,1.74
2026-10-01T15:03:10.048Z,sleeper,Puka Nacua,WR,LAR,rec_yds,77.5,1.78
2026-10-01T15:03:10.048Z,sleeper,Puka Nacua,WR,LAR,receptions,6.5,2.05
2026-10-01T15:03:10.048Z,sleeper,Emanuel Wilson,RB,SEA,anytime_touchdowns,0.5,2.81
2026-10-01T15:03:10.048Z,sleeper,Emanuel Wilson,RB,SEA,longest_rush,12.5,1.82
2026-10-01T15:03:10.048Z,sleeper,Emanuel Wilson,RB,SEA,rush_yds,38.5,1.76
2026-10-01T15:03:10.048Z,sleeper,AJ Barner,TE,SEA,anytime_touchdowns,0.5,3.14
2026-10-01T15:03:10.048Z,sleeper,AJ Barner,TE,SEA,longest_reception,14.5,1.72
2026-10-01T15:03:10.048Z,sleeper,AJ Barner,TE,SEA,rec_yds,30.5,1.76
2026-10-01T15:03:10.048Z,sleeper,AJ Barner,TE,SEA,receptions,3.5,2.09
2026-10-01T15:03:10.048Z,sleeper,Ladd McConkey,WR,LAC,anytime_touchdowns,0.5,3.41
2026-10-01T15:03:10.048Z,sleeper,Ladd McConkey,WR,LAC,longest_reception,18.5,1.76
2026-10-01T15:03:10.048Z,sleeper,Ladd McConkey,WR,LAC,rec_yds,46.5,1.8
2026-10-01T15:03:10.048Z,sleeper,Ladd McConkey,WR,LAC,receptions,3.5,1.53
2026-10-01T15:03:10.048Z,sleeper,Oronde Gadsden,TE,LAC,longest_reception,13.5,1.75
2026-10-01T15:03:10.048Z,sleeper,Oronde Gadsden,TE,LAC,rec_yds,25.5,1.8
2026-10-01T15:03:10.048Z,sleeper,Oronde Gadsden,TE,LAC,receptions,2.5,1.8
2026-10-01T15:03:10.048Z,sleeper,Omarion Hampton,RB,LAC,anytime_touchdowns,0.5,2.04
2026-10-01T15:03:10.048Z,sleeper,Omarion Hampton,RB,LAC,longest_rush,11.5,1.72
2026-10-01T15:03:10.048Z,sleeper,Omarion Hampton,RB,LAC,rush_att,13.5,1.83
2026-10-01T15:03:10.048Z,sleeper,Omarion Hampton,RB,LAC,rush_yds,45.5,1.77
2026-10-01T15:03:10.048Z,sleeper,Tre' Harris,WR,LAC,longest_reception,16.5,1.77
2026-10-01T15:03:10.048Z,sleeper,Tre' Harris,WR,LAC,rec_yds,33.5,1.78
2026-10-01T15:03:10.048Z,sleeper,Tre' Harris,WR,LAC,receptions,2.5,1.52
2026-10-01T15:03:10.048Z,sleeper,Jadarian Price,RB,SEA,anytime_touchdowns,0.5,2.3
2026-10-01T15:03:10.048Z,sleeper,Jadarian Price,RB,SEA,longest_rush,12.5,1.81
2026-10-01T15:03:10.048Z,sleeper,Jadarian Price,RB,SEA,rec_yds,9.5,1.77
2026-10-01T15:03:10.048Z,sleeper,Jadarian Price,RB,SEA,receptions,1.5,1.78
2026-10-01T15:03:10.048Z,sleeper,Jadarian Price,RB,SEA,rush_rec_yds,55.5,1.78
2026-10-01T15:03:10.048Z,sleeper,Jadarian Price,RB,SEA,rush_yds,40.5,1.77
2026-10-01T15:03:10.048Z,sleeper,Cooper Kupp,WR,SEA,anytime_touchdowns,0.5,3.53
2026-10-01T15:03:10.048Z,sleeper,Cooper Kupp,WR,SEA,longest_reception,14.5,1.77
2026-10-01T15:03:10.048Z,sleeper,Cooper Kupp,WR,SEA,rec_yds,25.5,1.81
2026-10-01T15:03:10.048Z,sleeper,Cooper Kupp,WR,SEA,receptions,2.5,1.94
2026-10-01T15:03:10.048Z,sleeper,Sam Darnold,QB,SEA,interceptions,0.5,2
2026-10-01T15:03:10.048Z,sleeper,Sam Darnold,QB,SEA,longest_passing_completion,35.5,1.82
2026-10-01T15:03:10.048Z,sleeper,Sam Darnold,QB,SEA,pass_completions,20.5,1.7
2026-10-01T15:03:10.048Z,sleeper,Sam Darnold,QB,SEA,pass_att,29.5,1.71
2026-10-01T15:03:10.048Z,sleeper,Sam Darnold,QB,SEA,pass_td,1.5,1.71
2026-10-01T15:03:10.048Z,sleeper,Sam Darnold,QB,SEA,pass_yds,232.5,1.77
2026-10-01T15:03:10.048Z,sleeper,Justin Herbert,QB,LAC,interceptions,0.5,1.67
2026-10-01T15:03:10.048Z,sleeper,Justin Herbert,QB,LAC,longest_passing_completion,32.5,1.8
2026-10-01T15:03:10.048Z,sleeper,Justin Herbert,QB,LAC,pass_completions,18.5,1.73
2026-10-01T15:03:10.048Z,sleeper,Justin Herbert,QB,LAC,pass_rush_yds,222.5,1.79
2026-10-01T15:03:10.048Z,sleeper,Justin Herbert,QB,LAC,pass_att,29.5,1.73
2026-10-01T15:03:10.048Z,sleeper,Justin Herbert,QB,LAC,pass_td,0.5,1.34
2026-10-01T15:03:10.048Z,sleeper,Justin Herbert,QB,LAC,pass_yds,199.5,1.78
2026-10-01T15:03:10.048Z,sleeper,Justin Herbert,QB,LAC,rush_yds,21.5,1.81
2026-10-01T15:03:10.048Z,sleeper,Rashid Shaheed,WR,SEA,anytime_touchdowns,0.5,3.39
2026-10-01T15:03:10.048Z,sleeper,Rashid Shaheed,WR,SEA,longest_reception,13.5,1.78
2026-10-01T15:03:10.048Z,sleeper,Rashid Shaheed,WR,SEA,rec_yds,21.5,1.79
2026-10-01T15:03:10.048Z,sleeper,Rashid Shaheed,WR,SEA,receptions,1.5,1.51
2026-10-01T15:03:10.048Z,sleeper,Jaxon Smith-Njigba,WR,SEA,anytime_touchdowns,0.5,1.73
2026-10-01T15:03:10.048Z,sleeper,Jaxon Smith-Njigba,WR,SEA,longest_reception,26.5,1.81
2026-10-01T15:03:10.048Z,sleeper,Jaxon Smith-Njigba,WR,SEA,rec_yds,91.5,1.77
2026-10-01T15:03:10.048Z,sleeper,Jaxon Smith-Njigba,WR,SEA,receptions,6.5,1.62
2026-10-01T15:03:10.048Z,sleeper,Quentin Johnston,WR,LAC,longest_reception,16.5,1.76
2026-10-01T15:03:10.048Z,sleeper,Quentin Johnston,WR,LAC,rec_yds,35.5,1.8
2026-10-01T15:03:10.048Z,sleeper,Quentin Johnston,WR,LAC,receptions,2.5,1.52
2026-10-01T15:03:10.048Z,sleeper,Bo Nix,QB,DEN,interceptions,0.5,1.59
2026-10-01T15:03:10.048Z,sleeper,Bo Nix,QB,DEN,longest_passing_completion,34.5,1.77
2026-10-01T15:03:10.048Z,sleeper,Bo Nix,QB,DEN,longest_rush,9.5,1.71
2026-10-01T15:03:10.048Z,sleeper,Bo Nix,QB,DEN,pass_completions,21.5,1.73
2026-10-01T15:03:10.048Z,sleeper,Bo Nix,QB,DEN,pass_rush_yds,245.5,1.79
2026-10-01T15:03:10.048Z,sleeper,Bo Nix,QB,DEN,pass_att,34.5,1.74
2026-10-01T15:03:10.048Z,sleeper,Bo Nix,QB,DEN,pass_td,1.5,2.02
2026-10-01T15:03:10.048Z,sleeper,Bo Nix,QB,DEN,pass_yds,221.5,1.79
2026-10-01T15:03:10.048Z,sleeper,Bo Nix,QB,DEN,rush_att,4.5,1.72
2026-10-01T15:03:10.048Z,sleeper,Bo Nix,QB,DEN,rush_yds,18.5,1.81
2026-10-01T15:03:10.048Z,sleeper,RJ Harvey,RB,DEN,anytime_touchdowns,0.5,2.92
2026-10-01T15:03:10.048Z,sleeper,RJ Harvey,RB,DEN,longest_reception,10.5,1.73
2026-10-01T15:03:10.048Z,sleeper,RJ Harvey,RB,DEN,rec_yds,21.5,1.76
2026-10-01T15:03:10.048Z,sleeper,RJ Harvey,RB,DEN,receptions,3.5,1.9
2026-10-01T15:03:10.048Z,sleeper,RJ Harvey,RB,DEN,rush_rec_yds,40.5,1.76
2026-10-01T15:03:10.048Z,sleeper,RJ Harvey,RB,DEN,rush_yds,15.5,1.76
2026-10-01T15:03:10.048Z,sleeper,Pat Bryant,WR,DEN,longest_reception,13.5,1.73
2026-10-01T15:03:10.048Z,sleeper,Pat Bryant,WR,DEN,rec_yds,22.5,1.77
2026-10-01T15:03:10.048Z,sleeper,Pat Bryant,WR,DEN,receptions,2.5,2.04
2026-10-01T15:03:10.048Z,sleeper,Kaelon Black,RB,SF,longest_rush,9.5,1.79
2026-10-01T15:03:10.048Z,sleeper,Kaelon Black,RB,SF,rush_yds,23.5,1.8
2026-10-01T15:03:10.048Z,sleeper,Mike Evans,WR,SF,anytime_touchdowns,0.5,2.5
2026-10-01T15:03:10.048Z,sleeper,Christian McCaffrey,RB,SF,anytime_touchdowns,0.5,1.44
2026-10-01T15:03:10.048Z,sleeper,Christian McCaffrey,RB,SF,longest_reception,15.5,1.71
2026-10-01T15:03:10.048Z,sleeper,Christian McCaffrey,RB,SF,longest_rush,14.5,1.83
2026-10-01T15:03:10.048Z,sleeper,Christian McCaffrey,RB,SF,rec_yds,38.5,1.77
2026-10-01T15:03:10.048Z,sleeper,Christian McCaffrey,RB,SF,receptions,4.5,1.66
2026-10-01T15:03:10.048Z,sleeper,Christian McCaffrey,RB,SF,rush_rec_yds,109.5,1.79
2026-10-01T15:03:10.048Z,sleeper,Christian McCaffrey,RB,SF,rush_att,15.5,1.72
2026-10-01T15:03:10.048Z,sleeper,Christian McCaffrey,RB,SF,rush_yds,65.5,1.78
2026-10-01T15:03:10.048Z,sleeper,Evan Engram,TE,DEN,longest_reception,10.5,1.79
2026-10-01T15:03:10.048Z,sleeper,Evan Engram,TE,DEN,rec_yds,17.5,1.81
2026-10-01T15:03:10.048Z,sleeper,Evan Engram,TE,DEN,receptions,2.5,1.93
2026-10-01T15:03:10.048Z,sleeper,George Kittle,TE,SF,anytime_touchdowns,0.5,2.36
2026-10-01T15:03:10.048Z,sleeper,George Kittle,TE,SF,longest_reception,22.5,1.76
2026-10-01T15:03:10.048Z,sleeper,George Kittle,TE,SF,rec_yds,64.5,1.8
2026-10-01T15:03:10.048Z,sleeper,George Kittle,TE,SF,receptions,4.5,1.56
2026-10-01T15:03:10.048Z,sleeper,Courtland Sutton,WR,DEN,anytime_touchdowns,0.5,2.94
2026-10-01T15:03:10.048Z,sleeper,Courtland Sutton,WR,DEN,longest_reception,17.5,1.74
2026-10-01T15:03:10.048Z,sleeper,Courtland Sutton,WR,DEN,rec_yds,38.5,1.8
2026-10-01T15:03:10.048Z,sleeper,Courtland Sutton,WR,DEN,receptions,3.5,2
2026-10-01T15:03:10.048Z,sleeper,Deebo Samuel,WR,SF,anytime_touchdowns,0.5,2.44
2026-10-01T15:03:10.048Z,sleeper,J.K. Dobbins,RB,DEN,anytime_touchdowns,0.5,2.13
2026-10-01T15:03:10.048Z,sleeper,J.K. Dobbins,RB,DEN,longest_rush,14.5,1.78
2026-10-01T15:03:10.048Z,sleeper,J.K. Dobbins,RB,DEN,rush_att,13.5,1.75
2026-10-01T15:03:10.048Z,sleeper,J.K. Dobbins,RB,DEN,rush_yds,59.5,1.76
2026-10-01T15:03:10.048Z,sleeper,Jaylen Waddle,WR,DEN,anytime_touchdowns,0.5,2.82
2026-10-01T15:03:10.048Z,sleeper,Jaylen Waddle,WR,DEN,longest_reception,21.5,1.79
2026-10-01T15:03:10.048Z,sleeper,Jaylen Waddle,WR,DEN,rec_yds,56.5,1.77
2026-10-01T15:03:10.048Z,sleeper,Jaylen Waddle,WR,DEN,receptions,4.5,1.89
2026-10-01T15:03:10.048Z,sleeper,Brock Purdy,QB,SF,interceptions,0.5,1.77
2026-10-01T15:03:10.048Z,sleeper,Brock Purdy,QB,SF,longest_passing_completion,35.5,1.74
2026-10-01T15:03:10.048Z,sleeper,Brock Purdy,QB,SF,longest_rush,9.5,1.79
2026-10-01T15:03:10.048Z,sleeper,Brock Purdy,QB,SF,pass_completions,20.5,1.79
2026-10-01T15:03:10.048Z,sleeper,Brock Purdy,QB,SF,pass_rush_yds,253.5,1.77
2026-10-01T15:03:10.048Z,sleeper,Brock Purdy,QB,SF,pass_att,30.5,1.72
2026-10-01T15:03:10.048Z,sleeper,Brock Purdy,QB,SF,pass_td,1.5,1.77
2026-10-01T15:03:10.048Z,sleeper,Brock Purdy,QB,SF,pass_yds,231.5,1.78
2026-10-01T15:03:10.048Z,sleeper,Brock Purdy,QB,SF,rush_att,4.5,2.11
2026-10-01T15:03:10.048Z,sleeper,Brock Purdy,QB,SF,rush_yds,16.5,1.75
2026-10-01T15:03:10.048Z,sleeper,MarShawn Lloyd,RB,GB,anytime_touchdowns,0.5,3.16
2026-10-01T15:03:10.048Z,sleeper,MarShawn Lloyd,RB,GB,rec_yds,6.5,1.82
2026-10-01T15:03:10.048Z,sleeper,MarShawn Lloyd,RB,GB,receptions,1.5,2.23
2026-10-01T15:03:10.048Z,sleeper,MarShawn Lloyd,RB,GB,rush_rec_yds,32.5,1.78
2026-10-01T15:03:10.048Z,sleeper,MarShawn Lloyd,RB,GB,rush_yds,23.5,1.82
2026-10-01T15:03:10.048Z,sleeper,Bucky Irving,RB,TB,anytime_touchdowns,0.5,2.51
2026-10-01T15:03:10.048Z,sleeper,Bucky Irving,RB,TB,longest_reception,8.5,1.75
2026-10-01T15:03:10.048Z,sleeper,Bucky Irving,RB,TB,longest_rush,13.5,1.77
2026-10-01T15:03:10.048Z,sleeper,Bucky Irving,RB,TB,rec_yds,13.5,1.79
2026-10-01T15:03:10.048Z,sleeper,Bucky Irving,RB,TB,receptions,2.5,1.81
2026-10-01T15:03:10.048Z,sleeper,Bucky Irving,RB,TB,rush_rec_yds,78.5,1.78
2026-10-01T15:03:10.048Z,sleeper,Bucky Irving,RB,TB,rush_att,15.5,1.9
2026-10-01T15:03:10.048Z,sleeper,Bucky Irving,RB,TB,rush_yds,61.5,1.78
2026-10-01T15:03:10.048Z,sleeper,Matthew Golden,WR,GB,anytime_touchdowns,0.5,2.86
2026-10-01T15:03:10.048Z,sleeper,Matthew Golden,WR,GB,longest_reception,21.5,1.75
2026-10-01T15:03:10.048Z,sleeper,Matthew Golden,WR,GB,rec_yds,57.5,1.77
2026-10-01T15:03:10.048Z,sleeper,Matthew Golden,WR,GB,receptions,4.5,1.8
2026-10-01T15:03:10.048Z,sleeper,Kaleb Johnson,RB,GB,anytime_touchdowns,0.5,2.83
2026-10-01T15:03:10.048Z,sleeper,Kaleb Johnson,RB,GB,rush_att,8.5,1.75
2026-10-01T15:03:10.048Z,sleeper,Kaleb Johnson,RB,GB,rush_yds,31.5,1.8
2026-10-01T15:03:10.048Z,sleeper,Emeka Egbuka,WR,TB,anytime_touchdowns,0.5,3.46
2026-10-01T15:03:10.048Z,sleeper,Emeka Egbuka,WR,TB,longest_reception,17.5,1.84
2026-10-01T15:03:10.048Z,sleeper,Emeka Egbuka,WR,TB,rec_yds,37.5,1.76
2026-10-01T15:03:10.048Z,sleeper,Emeka Egbuka,WR,TB,receptions,3.5,1.91
2026-10-01T15:03:10.048Z,sleeper,Jalon Daniels,QB,TB,interceptions,0.5,1.58
2026-10-01T15:03:10.048Z,sleeper,Jalon Daniels,QB,TB,pass_completions,16.5,1.75
2026-10-01T15:03:10.048Z,sleeper,Jalon Daniels,QB,TB,pass_rush_yds,209.5,1.78
2026-10-01T15:03:10.048Z,sleeper,Jalon Daniels,QB,TB,pass_att,27.5,1.76
2026-10-01T15:03:10.048Z,sleeper,Jalon Daniels,QB,TB,pass_td,0.5,1.46
2026-10-01T15:03:10.048Z,sleeper,Jalon Daniels,QB,TB,pass_yds,170.5,1.78
2026-10-01T15:03:10.048Z,sleeper,Jalon Daniels,QB,TB,rush_att,7.5,1.91
2026-10-01T15:03:10.048Z,sleeper,Jalon Daniels,QB,TB,rush_yds,36.5,1.79
2026-10-01T15:03:10.048Z,sleeper,Chris Godwin,WR,TB,longest_reception,14.5,1.77
2026-10-01T15:03:10.048Z,sleeper,Chris Godwin,WR,TB,rec_yds,26.5,1.76
2026-10-01T15:03:10.048Z,sleeper,Chris Godwin,WR,TB,receptions,2.5,1.69
2026-10-01T15:03:10.048Z,sleeper,Jonnu Smith,TE,GB,rec_yds,7.5,1.75
2026-10-01T15:03:10.048Z,sleeper,Jonnu Smith,TE,GB,receptions,1.5,2.42
2026-10-01T15:03:10.048Z,sleeper,Jordan Love,QB,GB,interceptions,0.5,1.68
2026-10-01T15:03:10.048Z,sleeper,Jordan Love,QB,GB,longest_passing_completion,37.5,1.77
2026-10-01T15:03:10.048Z,sleeper,Jordan Love,QB,GB,pass_completions,20.5,1.77
2026-10-01T15:03:10.048Z,sleeper,Jordan Love,QB,GB,pass_att,35.5,1.85
2026-10-01T15:03:10.048Z,sleeper,Jordan Love,QB,GB,pass_td,1.5,1.97
2026-10-01T15:03:10.048Z,sleeper,Jordan Love,QB,GB,pass_yds,245.5,1.77
2026-10-01T15:03:10.048Z,sleeper,Kenny Gainwell,RB,TB,rush_yds,15.5,1.78
2026-10-01T15:03:10.048Z,sleeper,Cade Otton,TE,TB,longest_reception,13.5,1.77
2026-10-01T15:03:10.048Z,sleeper,Cade Otton,TE,TB,rec_yds,25.5,1.76
2026-10-01T15:03:10.048Z,sleeper,Cade Otton,TE,TB,receptions,2.5,1.5
2026-10-01T15:03:10.048Z,sleeper,Christian Watson,WR,GB,anytime_touchdowns,0.5,2.42
2026-10-01T15:03:10.048Z,sleeper,Christian Watson,WR,GB,longest_reception,24.5,1.75
2026-10-01T15:03:10.048Z,sleeper,Christian Watson,WR,GB,rec_yds,66.5,1.78
2026-10-01T15:03:10.048Z,sleeper,Christian Watson,WR,GB,receptions,4.5,1.6
2026-10-01T15:03:10.048Z,sleeper,Skyy Moore,WR,GB,longest_reception,11.5,1.72
2026-10-01T15:03:10.048Z,sleeper,Skyy Moore,WR,GB,rec_yds,19.5,1.76
2026-10-01T15:03:10.048Z,sleeper,Skyy Moore,WR,GB,receptions,2.5,2.23
2026-10-01T15:03:10.048Z,sleeper,Tucker Kraft,TE,GB,anytime_touchdowns,0.5,3.05
2026-10-01T15:03:10.048Z,sleeper,Tucker Kraft,TE,GB,longest_reception,17.5,1.81
2026-10-01T15:03:10.048Z,sleeper,Tucker Kraft,TE,GB,rec_yds,40.5,1.77
2026-10-01T15:03:10.048Z,sleeper,Tucker Kraft,TE,GB,receptions,3.5,1.59
2026-10-01T15:03:10.048Z,sleeper,Tyler Warren,TE,IND,anytime_touchdowns,0.5,2.43
2026-10-01T15:03:10.048Z,sleeper,Tyler Warren,TE,IND,longest_reception,18.5,1.83
2026-10-01T15:03:10.048Z,sleeper,Tyler Warren,TE,IND,rec_yds,47.5,1.79
2026-10-01T15:03:10.048Z,sleeper,Tyler Warren,TE,IND,receptions,5.5,1.89
2026-10-01T15:03:10.048Z,sleeper,Jacory Croskey-Merritt,RB,WAS,anytime_touchdowns,0.5,2.04
2026-10-01T15:03:10.048Z,sleeper,Jacory Croskey-Merritt,RB,WAS,longest_rush,13.5,1.85
2026-10-01T15:03:10.048Z,sleeper,Jacory Croskey-Merritt,RB,WAS,rush_att,13.5,1.71
2026-10-01T15:03:10.048Z,sleeper,Jacory Croskey-Merritt,RB,WAS,rush_yds,55.5,1.78
2026-10-01T15:03:10.048Z,sleeper,Antonio Williams,WR,WAS,rec_yds,17.5,1.78
2026-10-01T15:03:10.048Z,sleeper,Antonio Williams,WR,WAS,receptions,1.5,1.51
2026-10-01T15:03:10.048Z,sleeper,Keenan Allen,WR,IND,anytime_touchdowns,0.5,3.29
2026-10-01T15:03:10.048Z,sleeper,Keenan Allen,WR,IND,longest_reception,16.5,1.8
2026-10-01T15:03:10.048Z,sleeper,Keenan Allen,WR,IND,rec_yds,34.5,1.8
2026-10-01T15:03:10.048Z,sleeper,Keenan Allen,WR,IND,receptions,3.5,1.7
2026-10-01T15:03:10.048Z,sleeper,Marcus Mariota,QB,WAS,interceptions,0.5,1.69
2026-10-01T15:03:10.048Z,sleeper,Marcus Mariota,QB,WAS,longest_passing_completion,35.5,1.77
2026-10-01T15:03:10.048Z,sleeper,Marcus Mariota,QB,WAS,longest_rush,11.5,1.73
2026-10-01T15:03:10.048Z,sleeper,Marcus Mariota,QB,WAS,pass_completions,18.5,1.7
2026-10-01T15:03:10.048Z,sleeper,Marcus Mariota,QB,WAS,pass_rush_yds,242.5,1.79
2026-10-01T15:03:10.048Z,sleeper,Marcus Mariota,QB,WAS,pass_att,31.5,1.84
2026-10-01T15:03:10.048Z,sleeper,Marcus Mariota,QB,WAS,pass_td,1.5,2.21
2026-10-01T15:03:10.048Z,sleeper,Marcus Mariota,QB,WAS,pass_yds,211.5,1.78
2026-10-01T15:03:10.048Z,sleeper,Marcus Mariota,QB,WAS,rush_att,5.5,1.9
2026-10-01T15:03:10.048Z,sleeper,Marcus Mariota,QB,WAS,rush_yds,27.5,1.82
2026-10-01T15:03:10.048Z,sleeper,Stefon Diggs,WR,WAS,anytime_touchdowns,0.5,3.02
2026-10-01T15:03:10.048Z,sleeper,Stefon Diggs,WR,WAS,longest_reception,18.5,1.76
2026-10-01T15:03:10.048Z,sleeper,Stefon Diggs,WR,WAS,rec_yds,42.5,1.77
2026-10-01T15:03:10.048Z,sleeper,Stefon Diggs,WR,WAS,receptions,4.5,2.04
2026-10-01T15:03:10.048Z,sleeper,Laquon Treadwell,WR,IND,rec_yds,13.5,1.78
2026-10-01T15:03:10.048Z,sleeper,Daniel Jones,QB,IND,interceptions,0.5,1.85
2026-10-01T15:03:10.048Z,sleeper,Daniel Jones,QB,IND,longest_passing_completion,34.5,1.74
2026-10-01T15:03:10.048Z,sleeper,Daniel Jones,QB,IND,longest_rush,8.5,1.83
2026-10-01T15:03:10.048Z,sleeper,Daniel Jones,QB,IND,pass_completions,20.5,1.73
2026-10-01T15:03:10.048Z,sleeper,Daniel Jones,QB,IND,pass_rush_yds,241.5,1.77
2026-10-01T15:03:10.048Z,sleeper,Daniel Jones,QB,IND,pass_att,31.5,1.82
2026-10-01T15:03:10.048Z,sleeper,Daniel Jones,QB,IND,pass_td,1.5,1.88
2026-10-01T15:03:10.048Z,sleeper,Daniel Jones,QB,IND,pass_yds,224.5,1.77
2026-10-01T15:03:10.048Z,sleeper,Daniel Jones,QB,IND,rush_att,3.5,2.01
2026-10-01T15:03:10.048Z,sleeper,Daniel Jones,QB,IND,rush_yds,11.5,1.77
2026-10-01T15:03:10.048Z,sleeper,Terry McLaurin,WR,WAS,anytime_touchdowns,0.5,3
2026-10-01T15:03:10.048Z,sleeper,Terry McLaurin,WR,WAS,longest_reception,21.5,1.74
2026-10-01T15:03:10.048Z,sleeper,Terry McLaurin,WR,WAS,rec_yds,53.5,1.79
2026-10-01T15:03:10.048Z,sleeper,Terry McLaurin,WR,WAS,receptions,4.5,1.97
2026-10-01T15:03:10.048Z,sleeper,Darius Slayton,WR,IND,rec_yds,20.5,2.01
2026-10-01T15:03:10.048Z,sleeper,Jonathan Taylor,RB,IND,anytime_touchdowns,0.5,1.31
2026-10-01T15:03:10.048Z,sleeper,Jonathan Taylor,RB,IND,first_touchdown,0.5,3.21
2026-10-01T15:03:10.048Z,sleeper,Jonathan Taylor,RB,IND,longest_reception,11.5,1.83
2026-10-01T15:03:10.048Z,sleeper,Jonathan Taylor,RB,IND,longest_rush,18.5,1.82
2026-10-01T15:03:10.048Z,sleeper,Jonathan Taylor,RB,IND,rec_yds,19.5,1.78
2026-10-01T15:03:10.048Z,sleeper,Jonathan Taylor,RB,IND,receptions,2.5,1.68
2026-10-01T15:03:10.048Z,sleeper,Jonathan Taylor,RB,IND,rush_rec_yds,115.5,1.79
2026-10-01T15:03:10.048Z,sleeper,Jonathan Taylor,RB,IND,rush_att,20.5,1.88
2026-10-01T15:03:10.048Z,sleeper,Jonathan Taylor,RB,IND,rush_yds,90.5,1.78
2026-10-01T15:03:10.048Z,sleeper,Rachaad White,RB,WAS,anytime_touchdowns,0.5,3.52
2026-10-01T15:03:10.048Z,sleeper,Josh Downs,WR,IND,anytime_touchdowns,0.5,2.63
2026-10-01T15:03:10.048Z,sleeper,Josh Downs,WR,IND,longest_reception,22.5,1.83
2026-10-01T15:03:10.048Z,sleeper,Josh Downs,WR,IND,rec_yds,63.5,1.79
2026-10-01T15:03:10.048Z,sleeper,Josh Downs,WR,IND,receptions,5.5,2.06
2026-10-01T15:03:10.048Z,sleeper,Michael Penix,QB,ATL,interceptions,0.5,1.8
2026-10-01T15:03:10.048Z,sleeper,Michael Penix,QB,ATL,longest_passing_completion,33.5,1.75
2026-10-01T15:03:10.048Z,sleeper,Michael Penix,QB,ATL,pass_completions,20.5,1.8
2026-10-01T15:03:10.048Z,sleeper,Michael Penix,QB,ATL,pass_att,30.5,1.76
2026-10-01T15:03:10.048Z,sleeper,Michael Penix,QB,ATL,pass_td,1.5,2.13
2026-10-01T15:03:10.048Z,sleeper,Michael Penix,QB,ATL,pass_yds,223.5,1.78
2026-10-01T15:03:10.048Z,sleeper,Devaughn Vele,WR,NO,anytime_touchdowns,0.5,2.89
2026-10-01T15:03:10.048Z,sleeper,Devaughn Vele,WR,NO,longest_reception,18.5,1.74
2026-10-01T15:03:10.048Z,sleeper,Devaughn Vele,WR,NO,rec_yds,45.5,1.78
2026-10-01T15:03:10.048Z,sleeper,Devaughn Vele,WR,NO,receptions,4.5,2.07
2026-10-01T15:03:10.048Z,sleeper,Tyler Shough,QB,NO,anytime_touchdowns,0.5,3.36
2026-10-01T15:03:10.048Z,sleeper,Tyler Shough,QB,NO,interceptions,0.5,1.93
2026-10-01T15:03:10.048Z,sleeper,Tyler Shough,QB,NO,longest_passing_completion,36.5,1.8
2026-10-01T15:03:10.048Z,sleeper,Tyler Shough,QB,NO,pass_completions,23.5,1.8
2026-10-01T15:03:10.048Z,sleeper,Tyler Shough,QB,NO,pass_rush_yds,279.5,1.79
2026-10-01T15:03:10.048Z,sleeper,Tyler Shough,QB,NO,pass_att,34.5,1.84
2026-10-01T15:03:10.048Z,sleeper,Tyler Shough,QB,NO,pass_td,1.5,1.57
2026-10-01T15:03:10.048Z,sleeper,Tyler Shough,QB,NO,pass_yds,254.5,1.77
2026-10-01T15:03:10.048Z,sleeper,Tyler Shough,QB,NO,rush_yds,16.5,1.77
2026-10-01T15:03:10.048Z,sleeper,Austin Hooper,TE,ATL,rec_yds,11.5,1.82
2026-10-01T15:03:10.048Z,sleeper,Austin Hooper,TE,ATL,receptions,1.5,2.2
2026-10-01T15:03:10.048Z,sleeper,Alvin Kamara,RB,NO,anytime_touchdowns,0.5,2.06
2026-10-01T15:03:10.048Z,sleeper,Alvin Kamara,RB,NO,longest_rush,11.5,1.86
2026-10-01T15:03:10.048Z,sleeper,Alvin Kamara,RB,NO,rec_yds,16.5,1.76
2026-10-01T15:03:10.048Z,sleeper,Alvin Kamara,RB,NO,receptions,3.5,2.06
2026-10-01T15:03:10.048Z,sleeper,Alvin Kamara,RB,NO,rush_rec_yds,58.5,1.77
2026-10-01T15:03:10.048Z,sleeper,Alvin Kamara,RB,NO,rush_att,11.5,1.87
2026-10-01T15:03:10.048Z,sleeper,Alvin Kamara,RB,NO,rush_yds,38.5,1.8
2026-10-01T15:03:10.048Z,sleeper,Noah Fant,TE,NO,longest_reception,11.5,1.77
2026-10-01T15:03:10.048Z,sleeper,Noah Fant,TE,NO,rec_yds,17.5,1.78
2026-10-01T15:03:10.048Z,sleeper,Noah Fant,TE,NO,receptions,1.5,1.52
2026-10-01T15:03:10.048Z,sleeper,Olamide Zaccheaus,WR,ATL,rec_yds,7.5,1.78
2026-10-01T15:03:10.048Z,sleeper,Olamide Zaccheaus,WR,ATL,receptions,1.5,2.32
2026-10-01T15:03:10.048Z,sleeper,Juwan Johnson,TE,NO,anytime_touchdowns,0.5,2.9
2026-10-01T15:03:10.048Z,sleeper,Juwan Johnson,TE,NO,longest_reception,16.5,1.72
2026-10-01T15:03:10.048Z,sleeper,Juwan Johnson,TE,NO,rec_yds,40.5,1.8
2026-10-01T15:03:10.048Z,sleeper,Juwan Johnson,TE,NO,receptions,3.5,1.83
2026-10-01T15:03:10.048Z,sleeper,Kyle Pitts,TE,ATL,longest_reception,14.5,1.81
2026-10-01T15:03:10.048Z,sleeper,Kyle Pitts,TE,ATL,rec_yds,28.5,1.81
2026-10-01T15:03:10.048Z,sleeper,Kyle Pitts,TE,ATL,receptions,2.5,1.65
2026-10-01T15:03:10.048Z,sleeper,Drake London,WR,ATL,anytime_touchdowns,0.5,2.31
2026-10-01T15:03:10.048Z,sleeper,Drake London,WR,ATL,longest_reception,24.5,1.81
2026-10-01T15:03:10.048Z,sleeper,Drake London,WR,ATL,rec_yds,77.5,1.78
2026-10-01T15:03:10.048Z,sleeper,Drake London,WR,ATL,receptions,5.5,1.67
2026-10-01T15:03:10.048Z,sleeper,Jahan Dotson,WR,ATL,rec_yds,18.5,1.81
2026-10-01T15:03:10.048Z,sleeper,Jahan Dotson,WR,ATL,receptions,1.5,1.68
2026-10-01T15:03:10.048Z,sleeper,Chris Olave,WR,NO,anytime_touchdowns,0.5,2.08
2026-10-01T15:03:10.048Z,sleeper,Chris Olave,WR,NO,longest_reception,26.5,1.79
2026-10-01T15:03:10.048Z,sleeper,Chris Olave,WR,NO,rec_yds,85.5,1.78
2026-10-01T15:03:10.048Z,sleeper,Chris Olave,WR,NO,receptions,6.5,1.61
2026-10-01T15:03:10.048Z,sleeper,Brian Robinson,RB,ATL,anytime_touchdowns,0.5,3.48
2026-10-01T15:03:10.048Z,sleeper,Brian Robinson,RB,ATL,rush_yds,30.5,1.78
2026-10-01T15:03:10.048Z,sleeper,Bijan Robinson,RB,ATL,anytime_touchdowns,0.5,1.41
2026-10-01T15:03:10.048Z,sleeper,Bijan Robinson,RB,ATL,longest_reception,15.5,1.82
2026-10-01T15:03:10.048Z,sleeper,Bijan Robinson,RB,ATL,longest_rush,16.5,1.73
2026-10-01T15:03:10.048Z,sleeper,Bijan Robinson,RB,ATL,rec_yds,38.5,1.76
2026-10-01T15:03:10.048Z,sleeper,Bijan Robinson,RB,ATL,receptions,4.5,1.81
2026-10-01T15:03:10.048Z,sleeper,Bijan Robinson,RB,ATL,rush_rec_yds,131.5,1.77
2026-10-01T15:03:10.048Z,sleeper,Bijan Robinson,RB,ATL,rush_att,19.5,1.78
2026-10-01T15:03:10.048Z,sleeper,Bijan Robinson,RB,ATL,rush_yds,86.5,1.78
2026-10-01T15:03:10.048Z,sleeper,Kendre Miller,RB,NO,anytime_touchdowns,0.5,3.53
2026-10-01T15:03:10.048Z,sleeper,Kendre Miller,RB,NO,rush_yds,24.5,1.81
